--------------------------------------------------------
--  File created - Friday-November-10-2017   
--------------------------------------------------------
--------------------------------------------------------
--  DDL for Table TBL_BLOG
--------------------------------------------------------

  CREATE TABLE "DB_PINTEREST"."TBL_BLOG" 
   (	"CODIGO_PUBLICACION" NUMBER(*,0), 
	"DIRECCION" VARCHAR2(4000 BYTE), 
	"TITULO" VARCHAR2(500 BYTE), 
	"DESCRIPCION" VARCHAR2(4000 BYTE), 
	"FECHA" DATE, 
	"CODIGO_USUARIO" NUMBER(*,0)
   ) SEGMENT CREATION IMMEDIATE 
  PCTFREE 10 PCTUSED 40 INITRANS 1 MAXTRANS 255 NOCOMPRESS LOGGING
  STORAGE(INITIAL 65536 NEXT 1048576 MINEXTENTS 1 MAXEXTENTS 2147483645
  PCTINCREASE 0 FREELISTS 1 FREELIST GROUPS 1 BUFFER_POOL DEFAULT FLASH_CACHE DEFAULT CELL_FLASH_CACHE DEFAULT)
  TABLESPACE "USERS" ;
--------------------------------------------------------
--  DDL for Table TBL_CATEGORIAS
--------------------------------------------------------

  CREATE TABLE "DB_PINTEREST"."TBL_CATEGORIAS" 
   (	"CODIGO_CATEGORIA " NUMBER(*,0), 
	"NOMBRE_CATEGORIA " VARCHAR2(400 BYTE), 
	"CODIGO_CATEGORIA_PADRE" NUMBER(*,0), 
	"FECHA_CREACION" DATE, 
	"DESCRIPCION" VARCHAR2(4000 BYTE), 
	"CODIGO_USUARIO" NUMBER(*,0)
   ) SEGMENT CREATION IMMEDIATE 
  PCTFREE 10 PCTUSED 40 INITRANS 1 MAXTRANS 255 NOCOMPRESS LOGGING
  STORAGE(INITIAL 65536 NEXT 1048576 MINEXTENTS 1 MAXEXTENTS 2147483645
  PCTINCREASE 0 FREELISTS 1 FREELIST GROUPS 1 BUFFER_POOL DEFAULT FLASH_CACHE DEFAULT CELL_FLASH_CACHE DEFAULT)
  TABLESPACE "USERS" ;
--------------------------------------------------------
--  DDL for Table TBL_CHAT_X_USUARIO
--------------------------------------------------------

  CREATE TABLE "DB_PINTEREST"."TBL_CHAT_X_USUARIO" 
   (	"CODIGO_USUARIO" NUMBER(*,0), 
	"CODIGO_USUARIO_DESTINO" NUMBER(*,0), 
	"CODIGO_MENSAJE" NUMBER(*,0)
   ) SEGMENT CREATION IMMEDIATE 
  PCTFREE 10 PCTUSED 40 INITRANS 1 MAXTRANS 255 NOCOMPRESS LOGGING
  STORAGE(INITIAL 65536 NEXT 1048576 MINEXTENTS 1 MAXEXTENTS 2147483645
  PCTINCREASE 0 FREELISTS 1 FREELIST GROUPS 1 BUFFER_POOL DEFAULT FLASH_CACHE DEFAULT CELL_FLASH_CACHE DEFAULT)
  TABLESPACE "USERS" ;
--------------------------------------------------------
--  DDL for Table TBL_COMENTARIO
--------------------------------------------------------

  CREATE TABLE "DB_PINTEREST"."TBL_COMENTARIO" 
   (	"CODIGO_COMENTARIO " NUMBER(*,0), 
	"CODIGO_USUARIO" NUMBER(*,0), 
	"CODIGO_PINES " NUMBER(*,0), 
	"COMENTARIO " VARCHAR2(4000 BYTE), 
	"HORA " DATE, 
	"FECHA " DATE
   ) SEGMENT CREATION IMMEDIATE 
  PCTFREE 10 PCTUSED 40 INITRANS 1 MAXTRANS 255 NOCOMPRESS LOGGING
  STORAGE(INITIAL 65536 NEXT 1048576 MINEXTENTS 1 MAXEXTENTS 2147483645
  PCTINCREASE 0 FREELISTS 1 FREELIST GROUPS 1 BUFFER_POOL DEFAULT FLASH_CACHE DEFAULT CELL_FLASH_CACHE DEFAULT)
  TABLESPACE "USERS" ;
--------------------------------------------------------
--  DDL for Table TBL_CORREO
--------------------------------------------------------

  CREATE TABLE "DB_PINTEREST"."TBL_CORREO" 
   (	"CODIGO_CORREO" NUMBER(*,0), 
	"TEXTO_CORREO" VARCHAR2(4000 BYTE), 
	"FECHA_CORREO" DATE, 
	"HORA_CORREO" DATE
   ) SEGMENT CREATION IMMEDIATE 
  PCTFREE 10 PCTUSED 40 INITRANS 1 MAXTRANS 255 NOCOMPRESS LOGGING
  STORAGE(INITIAL 65536 NEXT 1048576 MINEXTENTS 1 MAXEXTENTS 2147483645
  PCTINCREASE 0 FREELISTS 1 FREELIST GROUPS 1 BUFFER_POOL DEFAULT FLASH_CACHE DEFAULT CELL_FLASH_CACHE DEFAULT)
  TABLESPACE "USERS" ;
--------------------------------------------------------
--  DDL for Table TBL_CORREO_X_USUARIO
--------------------------------------------------------

  CREATE TABLE "DB_PINTEREST"."TBL_CORREO_X_USUARIO" 
   (	"CODIGO_USUARIO" NUMBER(*,0), 
	"CODIGO_USUARIO_DESTINO" NUMBER(*,0), 
	"CODIGO_CORREO" NUMBER(*,0)
   ) SEGMENT CREATION IMMEDIATE 
  PCTFREE 10 PCTUSED 40 INITRANS 1 MAXTRANS 255 NOCOMPRESS LOGGING
  STORAGE(INITIAL 65536 NEXT 1048576 MINEXTENTS 1 MAXEXTENTS 2147483645
  PCTINCREASE 0 FREELISTS 1 FREELIST GROUPS 1 BUFFER_POOL DEFAULT FLASH_CACHE DEFAULT CELL_FLASH_CACHE DEFAULT)
  TABLESPACE "USERS" ;
--------------------------------------------------------
--  DDL for Table TBL_DETUNCIA_X_COMENTARIO
--------------------------------------------------------

  CREATE TABLE "DB_PINTEREST"."TBL_DETUNCIA_X_COMENTARIO" 
   (	"CODIGO_USUARIO" NUMBER(*,0), 
	"CODIGO_COMENTARIO " NUMBER(*,0), 
	"CODIGO_DENUNCIA " NUMBER(*,0)
   ) SEGMENT CREATION IMMEDIATE 
  PCTFREE 10 PCTUSED 40 INITRANS 1 MAXTRANS 255 NOCOMPRESS LOGGING
  STORAGE(INITIAL 65536 NEXT 1048576 MINEXTENTS 1 MAXEXTENTS 2147483645
  PCTINCREASE 0 FREELISTS 1 FREELIST GROUPS 1 BUFFER_POOL DEFAULT FLASH_CACHE DEFAULT CELL_FLASH_CACHE DEFAULT)
  TABLESPACE "USERS" ;
--------------------------------------------------------
--  DDL for Table TBL_DETUNCIA_X_PIN
--------------------------------------------------------

  CREATE TABLE "DB_PINTEREST"."TBL_DETUNCIA_X_PIN" 
   (	"CODIGO_USUARIO" NUMBER(*,0), 
	"CODIGO_PINES " NUMBER(*,0), 
	"CODIGO_DENUNCIA " NUMBER(*,0)
   ) SEGMENT CREATION IMMEDIATE 
  PCTFREE 10 PCTUSED 40 INITRANS 1 MAXTRANS 255 NOCOMPRESS LOGGING
  STORAGE(INITIAL 65536 NEXT 1048576 MINEXTENTS 1 MAXEXTENTS 2147483645
  PCTINCREASE 0 FREELISTS 1 FREELIST GROUPS 1 BUFFER_POOL DEFAULT FLASH_CACHE DEFAULT CELL_FLASH_CACHE DEFAULT)
  TABLESPACE "USERS" ;
--------------------------------------------------------
--  DDL for Table TBL_DETUNCIA_X_TABLERO
--------------------------------------------------------

  CREATE TABLE "DB_PINTEREST"."TBL_DETUNCIA_X_TABLERO" 
   (	"CODIGO_USUARIO" NUMBER(*,0), 
	"CODIGO_TABLERO " NUMBER(*,0), 
	"CODIGO_DENUNCIA " NUMBER(*,0)
   ) SEGMENT CREATION IMMEDIATE 
  PCTFREE 10 PCTUSED 40 INITRANS 1 MAXTRANS 255 NOCOMPRESS LOGGING
  STORAGE(INITIAL 65536 NEXT 1048576 MINEXTENTS 1 MAXEXTENTS 2147483645
  PCTINCREASE 0 FREELISTS 1 FREELIST GROUPS 1 BUFFER_POOL DEFAULT FLASH_CACHE DEFAULT CELL_FLASH_CACHE DEFAULT)
  TABLESPACE "USERS" ;
--------------------------------------------------------
--  DDL for Table TBL_DETUNCIA_X_USUARIO
--------------------------------------------------------

  CREATE TABLE "DB_PINTEREST"."TBL_DETUNCIA_X_USUARIO" 
   (	"CODIGO_USUARIO" NUMBER(*,0), 
	"CODIGO_USUARIO_DENUNCIADO" NUMBER(*,0), 
	"CODIGO_DENUNCIA " NUMBER(*,0)
   ) SEGMENT CREATION IMMEDIATE 
  PCTFREE 10 PCTUSED 40 INITRANS 1 MAXTRANS 255 NOCOMPRESS LOGGING
  STORAGE(INITIAL 65536 NEXT 1048576 MINEXTENTS 1 MAXEXTENTS 2147483645
  PCTINCREASE 0 FREELISTS 1 FREELIST GROUPS 1 BUFFER_POOL DEFAULT FLASH_CACHE DEFAULT CELL_FLASH_CACHE DEFAULT)
  TABLESPACE "USERS" ;
--------------------------------------------------------
--  DDL for Table TBL_EMPRESA
--------------------------------------------------------

  CREATE TABLE "DB_PINTEREST"."TBL_EMPRESA" 
   (	"CODIGO_EMPRESA" NUMBER(*,0), 
	"CODIGO_TIPO_EMPRESA " NUMBER(*,0), 
	"SITIO_WEB" VARCHAR2(4000 BYTE)
   ) SEGMENT CREATION IMMEDIATE 
  PCTFREE 10 PCTUSED 40 INITRANS 1 MAXTRANS 255 NOCOMPRESS LOGGING
  STORAGE(INITIAL 65536 NEXT 1048576 MINEXTENTS 1 MAXEXTENTS 2147483645
  PCTINCREASE 0 FREELISTS 1 FREELIST GROUPS 1 BUFFER_POOL DEFAULT FLASH_CACHE DEFAULT CELL_FLASH_CACHE DEFAULT)
  TABLESPACE "USERS" ;
--------------------------------------------------------
--  DDL for Table TBL_FOTOS
--------------------------------------------------------

  CREATE TABLE "DB_PINTEREST"."TBL_FOTOS" 
   (	"CODIGO_FOTO" NUMBER(*,0), 
	"FOTO" BLOB, 
	"ALTO" NUMBER(*,0), 
	"ANCHO" NUMBER(*,0), 
	"URL_FOTO" VARCHAR2(300 BYTE), 
	"SITIO_WEB" VARCHAR2(300 BYTE)
   ) SEGMENT CREATION IMMEDIATE 
  PCTFREE 10 PCTUSED 40 INITRANS 1 MAXTRANS 255 NOCOMPRESS LOGGING
  STORAGE(INITIAL 65536 NEXT 1048576 MINEXTENTS 1 MAXEXTENTS 2147483645
  PCTINCREASE 0 FREELISTS 1 FREELIST GROUPS 1 BUFFER_POOL DEFAULT FLASH_CACHE DEFAULT CELL_FLASH_CACHE DEFAULT)
  TABLESPACE "USERS" 
 LOB ("FOTO") STORE AS BASICFILE (
  TABLESPACE "USERS" ENABLE STORAGE IN ROW CHUNK 8192 RETENTION 
  NOCACHE LOGGING 
  STORAGE(INITIAL 65536 NEXT 1048576 MINEXTENTS 1 MAXEXTENTS 2147483645
  PCTINCREASE 0 FREELISTS 1 FREELIST GROUPS 1 BUFFER_POOL DEFAULT FLASH_CACHE DEFAULT CELL_FLASH_CACHE DEFAULT)) ;
--------------------------------------------------------
--  DDL for Table TBL_GENERO
--------------------------------------------------------

  CREATE TABLE "DB_PINTEREST"."TBL_GENERO" 
   (	"CODIGO_GENERO " NUMBER(*,0), 
	"TIPO_GENERO " VARCHAR2(200 BYTE)
   ) SEGMENT CREATION IMMEDIATE 
  PCTFREE 10 PCTUSED 40 INITRANS 1 MAXTRANS 255 NOCOMPRESS LOGGING
  STORAGE(INITIAL 65536 NEXT 1048576 MINEXTENTS 1 MAXEXTENTS 2147483645
  PCTINCREASE 0 FREELISTS 1 FREELIST GROUPS 1 BUFFER_POOL DEFAULT FLASH_CACHE DEFAULT CELL_FLASH_CACHE DEFAULT)
  TABLESPACE "USERS" ;
--------------------------------------------------------
--  DDL for Table TBL_HISTORIAL
--------------------------------------------------------

  CREATE TABLE "DB_PINTEREST"."TBL_HISTORIAL" 
   (	"CODIGO_HISTORIAL" NUMBER(*,0), 
	"NOMBRE_BUSQUEDA" VARCHAR2(4000 BYTE), 
	"CODIGO_USUARIO" NUMBER(*,0)
   ) SEGMENT CREATION IMMEDIATE 
  PCTFREE 10 PCTUSED 40 INITRANS 1 MAXTRANS 255 NOCOMPRESS LOGGING
  STORAGE(INITIAL 65536 NEXT 1048576 MINEXTENTS 1 MAXEXTENTS 2147483645
  PCTINCREASE 0 FREELISTS 1 FREELIST GROUPS 1 BUFFER_POOL DEFAULT FLASH_CACHE DEFAULT CELL_FLASH_CACHE DEFAULT)
  TABLESPACE "USERS" ;
--------------------------------------------------------
--  DDL for Table TBL_IDIOMA
--------------------------------------------------------

  CREATE TABLE "DB_PINTEREST"."TBL_IDIOMA" 
   (	"CODIGO_IDIOMA" NUMBER(*,0), 
	"NOMBRE_IDIOMA" VARCHAR2(4000 BYTE), 
	"ABREVIATURA" VARCHAR2(20 BYTE)
   ) SEGMENT CREATION IMMEDIATE 
  PCTFREE 10 PCTUSED 40 INITRANS 1 MAXTRANS 255 NOCOMPRESS LOGGING
  STORAGE(INITIAL 65536 NEXT 1048576 MINEXTENTS 1 MAXEXTENTS 2147483645
  PCTINCREASE 0 FREELISTS 1 FREELIST GROUPS 1 BUFFER_POOL DEFAULT FLASH_CACHE DEFAULT CELL_FLASH_CACHE DEFAULT)
  TABLESPACE "USERS" ;
--------------------------------------------------------
--  DDL for Table TBL_LUGAR
--------------------------------------------------------

  CREATE TABLE "DB_PINTEREST"."TBL_LUGAR" 
   (	"CODIGO_LUGAR " NUMBER(*,0), 
	"CODIGO_LUGAR_PADRE" NUMBER(*,0), 
	"NOMBRE_LUGAR " VARCHAR2(4000 BYTE), 
	"LATITUD " NUMBER(*,0), 
	"LONGITUD " NUMBER(*,0), 
	"INICIALES " VARCHAR2(4000 BYTE)
   ) SEGMENT CREATION IMMEDIATE 
  PCTFREE 10 PCTUSED 40 INITRANS 1 MAXTRANS 255 NOCOMPRESS LOGGING
  STORAGE(INITIAL 65536 NEXT 1048576 MINEXTENTS 1 MAXEXTENTS 2147483645
  PCTINCREASE 0 FREELISTS 1 FREELIST GROUPS 1 BUFFER_POOL DEFAULT FLASH_CACHE DEFAULT CELL_FLASH_CACHE DEFAULT)
  TABLESPACE "USERS" ;
--------------------------------------------------------
--  DDL for Table TBL_MENSAJE
--------------------------------------------------------

  CREATE TABLE "DB_PINTEREST"."TBL_MENSAJE" 
   (	"CODIGO_MENSAJE" NUMBER(*,0), 
	"MENSAJE " VARCHAR2(500 BYTE), 
	"FECHA_MENSAJE" DATE, 
	"HORA_MENSAJE" DATE
   ) SEGMENT CREATION IMMEDIATE 
  PCTFREE 10 PCTUSED 40 INITRANS 1 MAXTRANS 255 NOCOMPRESS LOGGING
  STORAGE(INITIAL 65536 NEXT 1048576 MINEXTENTS 1 MAXEXTENTS 2147483645
  PCTINCREASE 0 FREELISTS 1 FREELIST GROUPS 1 BUFFER_POOL DEFAULT FLASH_CACHE DEFAULT CELL_FLASH_CACHE DEFAULT)
  TABLESPACE "USERS" ;
--------------------------------------------------------
--  DDL for Table TBL_NOTIFICACION
--------------------------------------------------------

  CREATE TABLE "DB_PINTEREST"."TBL_NOTIFICACION" 
   (	"CODIGO_NOTIFICACIONES " NUMBER(*,0), 
	"CODIGO_USUARIO" NUMBER(*,0), 
	"CODIGO_TIPO_NOTIFICACION " NUMBER(*,0), 
	"NOTIFICACION " VARCHAR2(4000 BYTE), 
	"FECHA_NOTIFICACION " DATE, 
	"HORA_NOTIFICACION " DATE
   ) SEGMENT CREATION IMMEDIATE 
  PCTFREE 10 PCTUSED 40 INITRANS 1 MAXTRANS 255 NOCOMPRESS LOGGING
  STORAGE(INITIAL 65536 NEXT 1048576 MINEXTENTS 1 MAXEXTENTS 2147483645
  PCTINCREASE 0 FREELISTS 1 FREELIST GROUPS 1 BUFFER_POOL DEFAULT FLASH_CACHE DEFAULT CELL_FLASH_CACHE DEFAULT)
  TABLESPACE "USERS" ;
--------------------------------------------------------
--  DDL for Table TBL_NOTIFICACIONES_X_PINES
--------------------------------------------------------

  CREATE TABLE "DB_PINTEREST"."TBL_NOTIFICACIONES_X_PINES" 
   (	"CODIGO_NOTIFICACIONES " NUMBER(*,0), 
	"CODIGO_PINES " NUMBER(*,0)
   ) SEGMENT CREATION IMMEDIATE 
  PCTFREE 10 PCTUSED 40 INITRANS 1 MAXTRANS 255 NOCOMPRESS LOGGING
  STORAGE(INITIAL 65536 NEXT 1048576 MINEXTENTS 1 MAXEXTENTS 2147483645
  PCTINCREASE 0 FREELISTS 1 FREELIST GROUPS 1 BUFFER_POOL DEFAULT FLASH_CACHE DEFAULT CELL_FLASH_CACHE DEFAULT)
  TABLESPACE "USERS" ;
--------------------------------------------------------
--  DDL for Table TBL_NOTIFICACIONES_X_TABLERO
--------------------------------------------------------

  CREATE TABLE "DB_PINTEREST"."TBL_NOTIFICACIONES_X_TABLERO" 
   (	"CODIGO_NOTIFICACIONES " NUMBER(*,0), 
	"CODIGO_TABLERO " NUMBER(*,0)
   ) SEGMENT CREATION IMMEDIATE 
  PCTFREE 10 PCTUSED 40 INITRANS 1 MAXTRANS 255 NOCOMPRESS LOGGING
  STORAGE(INITIAL 65536 NEXT 1048576 MINEXTENTS 1 MAXEXTENTS 2147483645
  PCTINCREASE 0 FREELISTS 1 FREELIST GROUPS 1 BUFFER_POOL DEFAULT FLASH_CACHE DEFAULT CELL_FLASH_CACHE DEFAULT)
  TABLESPACE "USERS" ;
--------------------------------------------------------
--  DDL for Table TBL_NOTIFI_X_COMENTARIO
--------------------------------------------------------

  CREATE TABLE "DB_PINTEREST"."TBL_NOTIFI_X_COMENTARIO" 
   (	"CODIGO_NOTIFICACIONES " NUMBER(*,0), 
	"CODIGO_COMENTARIO " NUMBER(*,0)
   ) SEGMENT CREATION IMMEDIATE 
  PCTFREE 10 PCTUSED 40 INITRANS 1 MAXTRANS 255 NOCOMPRESS LOGGING
  STORAGE(INITIAL 65536 NEXT 1048576 MINEXTENTS 1 MAXEXTENTS 2147483645
  PCTINCREASE 0 FREELISTS 1 FREELIST GROUPS 1 BUFFER_POOL DEFAULT FLASH_CACHE DEFAULT CELL_FLASH_CACHE DEFAULT)
  TABLESPACE "USERS" ;
--------------------------------------------------------
--  DDL for Table TBL_PERSONA
--------------------------------------------------------

  CREATE TABLE "DB_PINTEREST"."TBL_PERSONA" 
   (	"CODIGO_PERSONA" NUMBER(*,0), 
	"APELLIDO " VARCHAR2(4000 BYTE), 
	"FECHA_NACIMIENTO " DATE
   ) SEGMENT CREATION IMMEDIATE 
  PCTFREE 10 PCTUSED 40 INITRANS 1 MAXTRANS 255 NOCOMPRESS LOGGING
  STORAGE(INITIAL 65536 NEXT 1048576 MINEXTENTS 1 MAXEXTENTS 2147483645
  PCTINCREASE 0 FREELISTS 1 FREELIST GROUPS 1 BUFFER_POOL DEFAULT FLASH_CACHE DEFAULT CELL_FLASH_CACHE DEFAULT)
  TABLESPACE "USERS" ;
--------------------------------------------------------
--  DDL for Table TBL_PINES
--------------------------------------------------------

  CREATE TABLE "DB_PINTEREST"."TBL_PINES" 
   (	"CODIGO_PINES " NUMBER(*,0), 
	"CODIGO_USUARIO" NUMBER(*,0), 
	"CODIGO_TABLERO " NUMBER(*,0), 
	"CODIGO_FOTO" NUMBER(*,0), 
	"NOMBRE_PIN " VARCHAR2(4000 BYTE), 
	"DIRECCION " VARCHAR2(4000 BYTE), 
	"DESCRIPCION " VARCHAR2(4000 BYTE)
   ) SEGMENT CREATION IMMEDIATE 
  PCTFREE 10 PCTUSED 40 INITRANS 1 MAXTRANS 255 NOCOMPRESS LOGGING
  STORAGE(INITIAL 65536 NEXT 1048576 MINEXTENTS 1 MAXEXTENTS 2147483645
  PCTINCREASE 0 FREELISTS 1 FREELIST GROUPS 1 BUFFER_POOL DEFAULT FLASH_CACHE DEFAULT CELL_FLASH_CACHE DEFAULT)
  TABLESPACE "USERS" ;
--------------------------------------------------------
--  DDL for Table TBL_REDES_SOCIALES
--------------------------------------------------------

  CREATE TABLE "DB_PINTEREST"."TBL_REDES_SOCIALES" 
   (	"CODIGO_RED_SOCIAL " NUMBER(*,0), 
	"NOMBRE_RED " VARCHAR2(4000 BYTE)
   ) SEGMENT CREATION IMMEDIATE 
  PCTFREE 10 PCTUSED 40 INITRANS 1 MAXTRANS 255 NOCOMPRESS LOGGING
  STORAGE(INITIAL 65536 NEXT 1048576 MINEXTENTS 1 MAXEXTENTS 2147483645
  PCTINCREASE 0 FREELISTS 1 FREELIST GROUPS 1 BUFFER_POOL DEFAULT FLASH_CACHE DEFAULT CELL_FLASH_CACHE DEFAULT)
  TABLESPACE "USERS" ;
--------------------------------------------------------
--  DDL for Table TBL_REDES_X_USUARIO
--------------------------------------------------------

  CREATE TABLE "DB_PINTEREST"."TBL_REDES_X_USUARIO" 
   (	"CODIGO_PERSONA" NUMBER(*,0), 
	"CODIGO_RED_SOCIAL " NUMBER(*,0)
   ) SEGMENT CREATION IMMEDIATE 
  PCTFREE 10 PCTUSED 40 INITRANS 1 MAXTRANS 255 NOCOMPRESS LOGGING
  STORAGE(INITIAL 65536 NEXT 1048576 MINEXTENTS 1 MAXEXTENTS 2147483645
  PCTINCREASE 0 FREELISTS 1 FREELIST GROUPS 1 BUFFER_POOL DEFAULT FLASH_CACHE DEFAULT CELL_FLASH_CACHE DEFAULT)
  TABLESPACE "USERS" ;
--------------------------------------------------------
--  DDL for Table TBL_SEGUIDORES_X_CATEGORIA
--------------------------------------------------------

  CREATE TABLE "DB_PINTEREST"."TBL_SEGUIDORES_X_CATEGORIA" 
   (	"CODIGO_USUARIO" NUMBER(*,0), 
	"CODIGO_CATEGORIA " NUMBER(*,0)
   ) SEGMENT CREATION IMMEDIATE 
  PCTFREE 10 PCTUSED 40 INITRANS 1 MAXTRANS 255 NOCOMPRESS LOGGING
  STORAGE(INITIAL 65536 NEXT 1048576 MINEXTENTS 1 MAXEXTENTS 2147483645
  PCTINCREASE 0 FREELISTS 1 FREELIST GROUPS 1 BUFFER_POOL DEFAULT FLASH_CACHE DEFAULT CELL_FLASH_CACHE DEFAULT)
  TABLESPACE "USERS" ;
--------------------------------------------------------
--  DDL for Table TBL_SEGUIDORES_X_TABLEERO
--------------------------------------------------------

  CREATE TABLE "DB_PINTEREST"."TBL_SEGUIDORES_X_TABLEERO" 
   (	"CODIGO_USUARIO" NUMBER(*,0), 
	"CODIGO_TABLERO " NUMBER(*,0)
   ) SEGMENT CREATION IMMEDIATE 
  PCTFREE 10 PCTUSED 40 INITRANS 1 MAXTRANS 255 NOCOMPRESS LOGGING
  STORAGE(INITIAL 65536 NEXT 1048576 MINEXTENTS 1 MAXEXTENTS 2147483645
  PCTINCREASE 0 FREELISTS 1 FREELIST GROUPS 1 BUFFER_POOL DEFAULT FLASH_CACHE DEFAULT CELL_FLASH_CACHE DEFAULT)
  TABLESPACE "USERS" ;
--------------------------------------------------------
--  DDL for Table TBL_SEGUIDORES_X_USUARIO
--------------------------------------------------------

  CREATE TABLE "DB_PINTEREST"."TBL_SEGUIDORES_X_USUARIO" 
   (	"CODIGO_USUARIO" NUMBER(*,0), 
	"CODIGO_SEGUIDOR" NUMBER(*,0)
   ) SEGMENT CREATION IMMEDIATE 
  PCTFREE 10 PCTUSED 40 INITRANS 1 MAXTRANS 255 NOCOMPRESS LOGGING
  STORAGE(INITIAL 65536 NEXT 1048576 MINEXTENTS 1 MAXEXTENTS 2147483645
  PCTINCREASE 0 FREELISTS 1 FREELIST GROUPS 1 BUFFER_POOL DEFAULT FLASH_CACHE DEFAULT CELL_FLASH_CACHE DEFAULT)
  TABLESPACE "USERS" ;
--------------------------------------------------------
--  DDL for Table TBL_TABLERO
--------------------------------------------------------

  CREATE TABLE "DB_PINTEREST"."TBL_TABLERO" 
   (	"CODIGO_TABLERO " NUMBER(*,0), 
	"CODIGO_USUARIO" NUMBER(*,0), 
	"CODIGO_TIPO_TABLERO " NUMBER(*,0), 
	"NOMBRE_TABLERO " VARCHAR2(400 BYTE), 
	"DESCRIPCION" VARCHAR2(4000 BYTE), 
	"FECHA_CREACION" DATE
   ) SEGMENT CREATION IMMEDIATE 
  PCTFREE 10 PCTUSED 40 INITRANS 1 MAXTRANS 255 NOCOMPRESS LOGGING
  STORAGE(INITIAL 65536 NEXT 1048576 MINEXTENTS 1 MAXEXTENTS 2147483645
  PCTINCREASE 0 FREELISTS 1 FREELIST GROUPS 1 BUFFER_POOL DEFAULT FLASH_CACHE DEFAULT CELL_FLASH_CACHE DEFAULT)
  TABLESPACE "USERS" ;
--------------------------------------------------------
--  DDL for Table TBL_TABLERO_X_CATEGORIA
--------------------------------------------------------

  CREATE TABLE "DB_PINTEREST"."TBL_TABLERO_X_CATEGORIA" 
   (	"CODIGO_CATEGORIA " NUMBER(*,0), 
	"CODIGO_TABLERO " NUMBER(*,0)
   ) SEGMENT CREATION IMMEDIATE 
  PCTFREE 10 PCTUSED 40 INITRANS 1 MAXTRANS 255 NOCOMPRESS LOGGING
  STORAGE(INITIAL 65536 NEXT 1048576 MINEXTENTS 1 MAXEXTENTS 2147483645
  PCTINCREASE 0 FREELISTS 1 FREELIST GROUPS 1 BUFFER_POOL DEFAULT FLASH_CACHE DEFAULT CELL_FLASH_CACHE DEFAULT)
  TABLESPACE "USERS" ;
--------------------------------------------------------
--  DDL for Table TBL_TABLERO_X_USUARIO
--------------------------------------------------------

  CREATE TABLE "DB_PINTEREST"."TBL_TABLERO_X_USUARIO" 
   (	"CODIGO_USUARIO" NUMBER(*,0), 
	"CODIGO_TABLERO " NUMBER(*,0)
   ) SEGMENT CREATION IMMEDIATE 
  PCTFREE 10 PCTUSED 40 INITRANS 1 MAXTRANS 255 NOCOMPRESS LOGGING
  STORAGE(INITIAL 65536 NEXT 1048576 MINEXTENTS 1 MAXEXTENTS 2147483645
  PCTINCREASE 0 FREELISTS 1 FREELIST GROUPS 1 BUFFER_POOL DEFAULT FLASH_CACHE DEFAULT CELL_FLASH_CACHE DEFAULT)
  TABLESPACE "USERS" ;
--------------------------------------------------------
--  DDL for Table TBL_TIPO_DENUNCIA
--------------------------------------------------------

  CREATE TABLE "DB_PINTEREST"."TBL_TIPO_DENUNCIA" 
   (	"CODIGO_DENUNCIA " NUMBER(*,0), 
	"NOMBRE_DENUNCIA" VARCHAR2(1000 BYTE)
   ) SEGMENT CREATION IMMEDIATE 
  PCTFREE 10 PCTUSED 40 INITRANS 1 MAXTRANS 255 NOCOMPRESS LOGGING
  STORAGE(INITIAL 65536 NEXT 1048576 MINEXTENTS 1 MAXEXTENTS 2147483645
  PCTINCREASE 0 FREELISTS 1 FREELIST GROUPS 1 BUFFER_POOL DEFAULT FLASH_CACHE DEFAULT CELL_FLASH_CACHE DEFAULT)
  TABLESPACE "USERS" ;
--------------------------------------------------------
--  DDL for Table TBL_TIPO_EMPRESA
--------------------------------------------------------

  CREATE TABLE "DB_PINTEREST"."TBL_TIPO_EMPRESA" 
   (	"CODIGO_TIPO_EMPRESA " NUMBER(*,0), 
	"NOMBRE TIPO " VARCHAR2(4000 BYTE)
   ) SEGMENT CREATION IMMEDIATE 
  PCTFREE 10 PCTUSED 40 INITRANS 1 MAXTRANS 255 NOCOMPRESS LOGGING
  STORAGE(INITIAL 65536 NEXT 1048576 MINEXTENTS 1 MAXEXTENTS 2147483645
  PCTINCREASE 0 FREELISTS 1 FREELIST GROUPS 1 BUFFER_POOL DEFAULT FLASH_CACHE DEFAULT CELL_FLASH_CACHE DEFAULT)
  TABLESPACE "USERS" ;
--------------------------------------------------------
--  DDL for Table TBL_TIPO_NOTIFICACION
--------------------------------------------------------

  CREATE TABLE "DB_PINTEREST"."TBL_TIPO_NOTIFICACION" 
   (	"CODIGO_TIPO_NOTIFICACION " NUMBER(*,0), 
	"TIPO_NOTIFICACION " VARCHAR2(4000 BYTE)
   ) SEGMENT CREATION IMMEDIATE 
  PCTFREE 10 PCTUSED 40 INITRANS 1 MAXTRANS 255 NOCOMPRESS LOGGING
  STORAGE(INITIAL 65536 NEXT 1048576 MINEXTENTS 1 MAXEXTENTS 2147483645
  PCTINCREASE 0 FREELISTS 1 FREELIST GROUPS 1 BUFFER_POOL DEFAULT FLASH_CACHE DEFAULT CELL_FLASH_CACHE DEFAULT)
  TABLESPACE "USERS" ;
--------------------------------------------------------
--  DDL for Table TBL_TIPO_TABLERO
--------------------------------------------------------

  CREATE TABLE "DB_PINTEREST"."TBL_TIPO_TABLERO" 
   (	"CODIGO_TIPO_TABLERO " NUMBER(*,0), 
	"NOMBRE_TIPO_TABLERO " VARCHAR2(400 BYTE)
   ) SEGMENT CREATION IMMEDIATE 
  PCTFREE 10 PCTUSED 40 INITRANS 1 MAXTRANS 255 NOCOMPRESS LOGGING
  STORAGE(INITIAL 65536 NEXT 1048576 MINEXTENTS 1 MAXEXTENTS 2147483645
  PCTINCREASE 0 FREELISTS 1 FREELIST GROUPS 1 BUFFER_POOL DEFAULT FLASH_CACHE DEFAULT CELL_FLASH_CACHE DEFAULT)
  TABLESPACE "USERS" ;
--------------------------------------------------------
--  DDL for Table TBL_TIPO_USUARIO
--------------------------------------------------------

  CREATE TABLE "DB_PINTEREST"."TBL_TIPO_USUARIO" 
   (	"CODIGO_TIPO_USUARIO " NUMBER(*,0), 
	"NOMBRE TIPO " VARCHAR2(200 BYTE)
   ) SEGMENT CREATION IMMEDIATE 
  PCTFREE 10 PCTUSED 40 INITRANS 1 MAXTRANS 255 NOCOMPRESS LOGGING
  STORAGE(INITIAL 65536 NEXT 1048576 MINEXTENTS 1 MAXEXTENTS 2147483645
  PCTINCREASE 0 FREELISTS 1 FREELIST GROUPS 1 BUFFER_POOL DEFAULT FLASH_CACHE DEFAULT CELL_FLASH_CACHE DEFAULT)
  TABLESPACE "USERS" ;
--------------------------------------------------------
--  DDL for Table TBL_USUARIO
--------------------------------------------------------

  CREATE TABLE "DB_PINTEREST"."TBL_USUARIO" 
   (	"CODIGO_USUARIO" NUMBER(*,0), 
	"CODIGO_LUGAR " NUMBER(*,0), 
	"CODIGO_TIPO_USUARIO " NUMBER(*,0), 
	"CODIGO_GENERO " NUMBER(*,0), 
	"CODIGO_FOTO" NUMBER(*,0), 
	"CODIGO_IDIOMA" NUMBER(*,0), 
	"ALIAS " VARCHAR2(200 BYTE), 
	"NOMBRE " VARCHAR2(200 BYTE), 
	"CONTRASENIA " VARCHAR2(100 BYTE), 
	"CORREO " VARCHAR2(200 BYTE), 
	"TELEFONO" VARCHAR2(200 BYTE)
   ) SEGMENT CREATION IMMEDIATE 
  PCTFREE 10 PCTUSED 40 INITRANS 1 MAXTRANS 255 NOCOMPRESS LOGGING
  STORAGE(INITIAL 65536 NEXT 1048576 MINEXTENTS 1 MAXEXTENTS 2147483645
  PCTINCREASE 0 FREELISTS 1 FREELIST GROUPS 1 BUFFER_POOL DEFAULT FLASH_CACHE DEFAULT CELL_FLASH_CACHE DEFAULT)
  TABLESPACE "USERS" ;
REM INSERTING into DB_PINTEREST.TBL_BLOG
SET DEFINE OFF;
REM INSERTING into DB_PINTEREST.TBL_CATEGORIAS
SET DEFINE OFF;
Insert into DB_PINTEREST.TBL_CATEGORIAS ("CODIGO_CATEGORIA ","NOMBRE_CATEGORIA ",CODIGO_CATEGORIA_PADRE,FECHA_CREACION,DESCRIPCION,CODIGO_USUARIO) values (1,'Arte',null,to_date('01-OCT-17','DD-MON-RR'),'La forma de manifestarse que para algunos es de apreciar.',2);
Insert into DB_PINTEREST.TBL_CATEGORIAS ("CODIGO_CATEGORIA ","NOMBRE_CATEGORIA ",CODIGO_CATEGORIA_PADRE,FECHA_CREACION,DESCRIPCION,CODIGO_USUARIO) values (4,'Bodas',null,to_date('18-OCT-17','DD-MON-RR'),'Ideas y estilo',3);
Insert into DB_PINTEREST.TBL_CATEGORIAS ("CODIGO_CATEGORIA ","NOMBRE_CATEGORIA ",CODIGO_CATEGORIA_PADRE,FECHA_CREACION,DESCRIPCION,CODIGO_USUARIO) values (5,'Ciencia y Naturaleza',null,to_date('18-OCT-17','DD-MON-RR'),'Descubre el mundo de la Ciencia',2);
Insert into DB_PINTEREST.TBL_CATEGORIAS ("CODIGO_CATEGORIA ","NOMBRE_CATEGORIA ",CODIGO_CATEGORIA_PADRE,FECHA_CREACION,DESCRIPCION,CODIGO_USUARIO) values (6,'Comida y Bebida',null,to_date('12-JUL-17','DD-MON-RR'),'Recetas, cocteles y Sabor',2);
Insert into DB_PINTEREST.TBL_CATEGORIAS ("CODIGO_CATEGORIA ","NOMBRE_CATEGORIA ",CODIGO_CATEGORIA_PADRE,FECHA_CREACION,DESCRIPCION,CODIGO_USUARIO) values (7,'Decoracion de Hogar',null,to_date('15-AUG-17','DD-MON-RR'),'Ideas para decorar tu hogar',2);
Insert into DB_PINTEREST.TBL_CATEGORIAS ("CODIGO_CATEGORIA ","NOMBRE_CATEGORIA ",CODIGO_CATEGORIA_PADRE,FECHA_CREACION,DESCRIPCION,CODIGO_USUARIO) values (3,'Arquitectura',null,to_date('20-OCT-17','DD-MON-RR'),'Cultura moderna y Clasica reflejada en la Arquitectura',3);
Insert into DB_PINTEREST.TBL_CATEGORIAS ("CODIGO_CATEGORIA ","NOMBRE_CATEGORIA ",CODIGO_CATEGORIA_PADRE,FECHA_CREACION,DESCRIPCION,CODIGO_USUARIO) values (8,'Diseño',null,to_date('14-JUN-17','DD-MON-RR'),null,3);
Insert into DB_PINTEREST.TBL_CATEGORIAS ("CODIGO_CATEGORIA ","NOMBRE_CATEGORIA ",CODIGO_CATEGORIA_PADRE,FECHA_CREACION,DESCRIPCION,CODIGO_USUARIO) values (9,'Entretenimiento',null,to_date('18-OCT-17','DD-MON-RR'),'Juegos e  Informacion de interes',2);
Insert into DB_PINTEREST.TBL_CATEGORIAS ("CODIGO_CATEGORIA ","NOMBRE_CATEGORIA ",CODIGO_CATEGORIA_PADRE,FECHA_CREACION,DESCRIPCION,CODIGO_USUARIO) values (10,'Famosos',null,to_date('18-OCT-17','DD-MON-RR'),'Personajes de influencia mediatica',2);
Insert into DB_PINTEREST.TBL_CATEGORIAS ("CODIGO_CATEGORIA ","NOMBRE_CATEGORIA ",CODIGO_CATEGORIA_PADRE,FECHA_CREACION,DESCRIPCION,CODIGO_USUARIO) values (11,'Fotografia',null,to_date('05-SEP-17','DD-MON-RR'),'Una historia en cada Fotografia',3);
Insert into DB_PINTEREST.TBL_CATEGORIAS ("CODIGO_CATEGORIA ","NOMBRE_CATEGORIA ",CODIGO_CATEGORIA_PADRE,FECHA_CREACION,DESCRIPCION,CODIGO_USUARIO) values (12,'Historia',null,to_date('19-OCT-17','DD-MON-RR'),'Historia',2);
Insert into DB_PINTEREST.TBL_CATEGORIAS ("CODIGO_CATEGORIA ","NOMBRE_CATEGORIA ",CODIGO_CATEGORIA_PADRE,FECHA_CREACION,DESCRIPCION,CODIGO_USUARIO) values (13,'Humor',null,to_date('02-AUG-17','DD-MON-RR'),null,2);
Insert into DB_PINTEREST.TBL_CATEGORIAS ("CODIGO_CATEGORIA ","NOMBRE_CATEGORIA ",CODIGO_CATEGORIA_PADRE,FECHA_CREACION,DESCRIPCION,CODIGO_USUARIO) values (14,'Moda',null,to_date('19-OCT-17','DD-MON-RR'),'Estilos y diseño de alta costura',2);
Insert into DB_PINTEREST.TBL_CATEGORIAS ("CODIGO_CATEGORIA ","NOMBRE_CATEGORIA ",CODIGO_CATEGORIA_PADRE,FECHA_CREACION,DESCRIPCION,CODIGO_USUARIO) values (15,'Belleza y Maquillaje',null,to_date('01-MAR-17','DD-MON-RR'),'Tutoriales y consejos',3);
Insert into DB_PINTEREST.TBL_CATEGORIAS ("CODIGO_CATEGORIA ","NOMBRE_CATEGORIA ",CODIGO_CATEGORIA_PADRE,FECHA_CREACION,DESCRIPCION,CODIGO_USUARIO) values (16,'Salud y Ejercicio',null,to_date('18-OCT-17','DD-MON-RR'),'Consejos de salud, tips y ejercicio.',2);
Insert into DB_PINTEREST.TBL_CATEGORIAS ("CODIGO_CATEGORIA ","NOMBRE_CATEGORIA ",CODIGO_CATEGORIA_PADRE,FECHA_CREACION,DESCRIPCION,CODIGO_USUARIO) values (17,'Tecnologia',null,to_date('19-OCT-17','DD-MON-RR'),'Innovaciones ',2);
Insert into DB_PINTEREST.TBL_CATEGORIAS ("CODIGO_CATEGORIA ","NOMBRE_CATEGORIA ",CODIGO_CATEGORIA_PADRE,FECHA_CREACION,DESCRIPCION,CODIGO_USUARIO) values (18,'Deportes',null,to_date('16-MAR-17','DD-MON-RR'),'Noticias',3);
Insert into DB_PINTEREST.TBL_CATEGORIAS ("CODIGO_CATEGORIA ","NOMBRE_CATEGORIA ",CODIGO_CATEGORIA_PADRE,FECHA_CREACION,DESCRIPCION,CODIGO_USUARIO) values (19,'Viajes',null,to_date('18-OCT-17','DD-MON-RR'),'Paises, Cultura, Gastronomia',2);
Insert into DB_PINTEREST.TBL_CATEGORIAS ("CODIGO_CATEGORIA ","NOMBRE_CATEGORIA ",CODIGO_CATEGORIA_PADRE,FECHA_CREACION,DESCRIPCION,CODIGO_USUARIO) values (20,'Regalos',null,to_date('07-APR-17','DD-MON-RR'),'Todas tipo de ocasion',2);
Insert into DB_PINTEREST.TBL_CATEGORIAS ("CODIGO_CATEGORIA ","NOMBRE_CATEGORIA ",CODIGO_CATEGORIA_PADRE,FECHA_CREACION,DESCRIPCION,CODIGO_USUARIO) values (21,'Bellas Artes',1,to_date('19-OCT-17','DD-MON-RR'),null,2);
Insert into DB_PINTEREST.TBL_CATEGORIAS ("CODIGO_CATEGORIA ","NOMBRE_CATEGORIA ",CODIGO_CATEGORIA_PADRE,FECHA_CREACION,DESCRIPCION,CODIGO_USUARIO) values (22,'Dibujos',1,to_date('20-OCT-17','DD-MON-RR'),null,2);
Insert into DB_PINTEREST.TBL_CATEGORIAS ("CODIGO_CATEGORIA ","NOMBRE_CATEGORIA ",CODIGO_CATEGORIA_PADRE,FECHA_CREACION,DESCRIPCION,CODIGO_USUARIO) values (23,'Escultura',1,to_date('18-OCT-17','DD-MON-RR'),null,3);
Insert into DB_PINTEREST.TBL_CATEGORIAS ("CODIGO_CATEGORIA ","NOMBRE_CATEGORIA ",CODIGO_CATEGORIA_PADRE,FECHA_CREACION,DESCRIPCION,CODIGO_USUARIO) values (24,'Rostros',22,to_date('19-OCT-17','DD-MON-RR'),null,2);
Insert into DB_PINTEREST.TBL_CATEGORIAS ("CODIGO_CATEGORIA ","NOMBRE_CATEGORIA ",CODIGO_CATEGORIA_PADRE,FECHA_CREACION,DESCRIPCION,CODIGO_USUARIO) values (25,'Tecnicas de dibujo',22,to_date('19-OCT-17','DD-MON-RR'),null,3);
Insert into DB_PINTEREST.TBL_CATEGORIAS ("CODIGO_CATEGORIA ","NOMBRE_CATEGORIA ",CODIGO_CATEGORIA_PADRE,FECHA_CREACION,DESCRIPCION,CODIGO_USUARIO) values (26,'Paisaje',22,to_date('19-OCT-17','DD-MON-RR'),null,3);
Insert into DB_PINTEREST.TBL_CATEGORIAS ("CODIGO_CATEGORIA ","NOMBRE_CATEGORIA ",CODIGO_CATEGORIA_PADRE,FECHA_CREACION,DESCRIPCION,CODIGO_USUARIO) values (27,'Perros y mascotas',2,to_date('19-OCT-17','DD-MON-RR'),null,2);
Insert into DB_PINTEREST.TBL_CATEGORIAS ("CODIGO_CATEGORIA ","NOMBRE_CATEGORIA ",CODIGO_CATEGORIA_PADRE,FECHA_CREACION,DESCRIPCION,CODIGO_USUARIO) values (28,'Pajaros',2,to_date('19-OCT-17','DD-MON-RR'),null,2);
Insert into DB_PINTEREST.TBL_CATEGORIAS ("CODIGO_CATEGORIA ","NOMBRE_CATEGORIA ",CODIGO_CATEGORIA_PADRE,FECHA_CREACION,DESCRIPCION,CODIGO_USUARIO) values (29,'Animales salvajes',2,to_date('20-OCT-17','DD-MON-RR'),null,2);
Insert into DB_PINTEREST.TBL_CATEGORIAS ("CODIGO_CATEGORIA ","NOMBRE_CATEGORIA ",CODIGO_CATEGORIA_PADRE,FECHA_CREACION,DESCRIPCION,CODIGO_USUARIO) values (30,'Acuaticos',2,to_date('18-OCT-17','DD-MON-RR'),null,3);
Insert into DB_PINTEREST.TBL_CATEGORIAS ("CODIGO_CATEGORIA ","NOMBRE_CATEGORIA ",CODIGO_CATEGORIA_PADRE,FECHA_CREACION,DESCRIPCION,CODIGO_USUARIO) values (31,'Colibris',28,to_date('19-OCT-17','DD-MON-RR'),null,3);
Insert into DB_PINTEREST.TBL_CATEGORIAS ("CODIGO_CATEGORIA ","NOMBRE_CATEGORIA ",CODIGO_CATEGORIA_PADRE,FECHA_CREACION,DESCRIPCION,CODIGO_USUARIO) values (32,'Loros',28,to_date('18-OCT-17','DD-MON-RR'),null,3);
Insert into DB_PINTEREST.TBL_CATEGORIAS ("CODIGO_CATEGORIA ","NOMBRE_CATEGORIA ",CODIGO_CATEGORIA_PADRE,FECHA_CREACION,DESCRIPCION,CODIGO_USUARIO) values (33,'Aves del paraiso',28,to_date('19-OCT-17','DD-MON-RR'),null,2);
Insert into DB_PINTEREST.TBL_CATEGORIAS ("CODIGO_CATEGORIA ","NOMBRE_CATEGORIA ",CODIGO_CATEGORIA_PADRE,FECHA_CREACION,DESCRIPCION,CODIGO_USUARIO) values (34,'Tiburones',30,to_date('19-OCT-17','DD-MON-RR'),null,3);
Insert into DB_PINTEREST.TBL_CATEGORIAS ("CODIGO_CATEGORIA ","NOMBRE_CATEGORIA ",CODIGO_CATEGORIA_PADRE,FECHA_CREACION,DESCRIPCION,CODIGO_USUARIO) values (35,'Delfines',30,to_date('19-OCT-17','DD-MON-RR'),null,3);
Insert into DB_PINTEREST.TBL_CATEGORIAS ("CODIGO_CATEGORIA ","NOMBRE_CATEGORIA ",CODIGO_CATEGORIA_PADRE,FECHA_CREACION,DESCRIPCION,CODIGO_USUARIO) values (36,'Peces',30,to_date('19-OCT-17','DD-MON-RR'),null,3);
Insert into DB_PINTEREST.TBL_CATEGORIAS ("CODIGO_CATEGORIA ","NOMBRE_CATEGORIA ",CODIGO_CATEGORIA_PADRE,FECHA_CREACION,DESCRIPCION,CODIGO_USUARIO) values (37,'Entrenamiento',27,to_date('19-OCT-17','DD-MON-RR'),null,3);
Insert into DB_PINTEREST.TBL_CATEGORIAS ("CODIGO_CATEGORIA ","NOMBRE_CATEGORIA ",CODIGO_CATEGORIA_PADRE,FECHA_CREACION,DESCRIPCION,CODIGO_USUARIO) values (38,'Alimentacion y Cuidados',27,to_date('20-OCT-17','DD-MON-RR'),null,2);
Insert into DB_PINTEREST.TBL_CATEGORIAS ("CODIGO_CATEGORIA ","NOMBRE_CATEGORIA ",CODIGO_CATEGORIA_PADRE,FECHA_CREACION,DESCRIPCION,CODIGO_USUARIO) values (39,'Arquitectura moderna',3,to_date('20-OCT-17','DD-MON-RR'),null,2);
Insert into DB_PINTEREST.TBL_CATEGORIAS ("CODIGO_CATEGORIA ","NOMBRE_CATEGORIA ",CODIGO_CATEGORIA_PADRE,FECHA_CREACION,DESCRIPCION,CODIGO_USUARIO) values (40,'Diseño Urbano',3,to_date('19-OCT-17','DD-MON-RR'),null,2);
Insert into DB_PINTEREST.TBL_CATEGORIAS ("CODIGO_CATEGORIA ","NOMBRE_CATEGORIA ",CODIGO_CATEGORIA_PADRE,FECHA_CREACION,DESCRIPCION,CODIGO_USUARIO) values (41,'Arquitectos',3,to_date('20-OCT-17','DD-MON-RR'),null,3);
Insert into DB_PINTEREST.TBL_CATEGORIAS ("CODIGO_CATEGORIA ","NOMBRE_CATEGORIA ",CODIGO_CATEGORIA_PADRE,FECHA_CREACION,DESCRIPCION,CODIGO_USUARIO) values (42,'Arquitectura Antigua',3,to_date('19-OCT-17','DD-MON-RR'),null,3);
Insert into DB_PINTEREST.TBL_CATEGORIAS ("CODIGO_CATEGORIA ","NOMBRE_CATEGORIA ",CODIGO_CATEGORIA_PADRE,FECHA_CREACION,DESCRIPCION,CODIGO_USUARIO) values (43,'Arquitectura futurista',39,to_date('18-OCT-17','DD-MON-RR'),null,2);
Insert into DB_PINTEREST.TBL_CATEGORIAS ("CODIGO_CATEGORIA ","NOMBRE_CATEGORIA ",CODIGO_CATEGORIA_PADRE,FECHA_CREACION,DESCRIPCION,CODIGO_USUARIO) values (44,'Casas Modernas',39,to_date('20-OCT-17','DD-MON-RR'),null,3);
Insert into DB_PINTEREST.TBL_CATEGORIAS ("CODIGO_CATEGORIA ","NOMBRE_CATEGORIA ",CODIGO_CATEGORIA_PADRE,FECHA_CREACION,DESCRIPCION,CODIGO_USUARIO) values (45,'Arquitectura Paisajista',40,to_date('18-OCT-17','DD-MON-RR'),null,2);
Insert into DB_PINTEREST.TBL_CATEGORIAS ("CODIGO_CATEGORIA ","NOMBRE_CATEGORIA ",CODIGO_CATEGORIA_PADRE,FECHA_CREACION,DESCRIPCION,CODIGO_USUARIO) values (46,'Moviliario de la calle',40,to_date('19-OCT-17','DD-MON-RR'),null,2);
Insert into DB_PINTEREST.TBL_CATEGORIAS ("CODIGO_CATEGORIA ","NOMBRE_CATEGORIA ",CODIGO_CATEGORIA_PADRE,FECHA_CREACION,DESCRIPCION,CODIGO_USUARIO) values (47,'Arquitectura Gotica y Griega',42,to_date('19-OCT-17','DD-MON-RR'),null,3);
Insert into DB_PINTEREST.TBL_CATEGORIAS ("CODIGO_CATEGORIA ","NOMBRE_CATEGORIA ",CODIGO_CATEGORIA_PADRE,FECHA_CREACION,DESCRIPCION,CODIGO_USUARIO) values (48,'Patrimonios Culturales',42,to_date('19-OCT-17','DD-MON-RR'),null,3);
Insert into DB_PINTEREST.TBL_CATEGORIAS ("CODIGO_CATEGORIA ","NOMBRE_CATEGORIA ",CODIGO_CATEGORIA_PADRE,FECHA_CREACION,DESCRIPCION,CODIGO_USUARIO) values (49,'Arquitectura Islamica',42,to_date('21-OCT-17','DD-MON-RR'),null,3);
Insert into DB_PINTEREST.TBL_CATEGORIAS ("CODIGO_CATEGORIA ","NOMBRE_CATEGORIA ",CODIGO_CATEGORIA_PADRE,FECHA_CREACION,DESCRIPCION,CODIGO_USUARIO) values (50,'Vestidos de novia',4,to_date('17-OCT-17','DD-MON-RR'),null,3);
Insert into DB_PINTEREST.TBL_CATEGORIAS ("CODIGO_CATEGORIA ","NOMBRE_CATEGORIA ",CODIGO_CATEGORIA_PADRE,FECHA_CREACION,DESCRIPCION,CODIGO_USUARIO) values (51,'Anillos',4,to_date('20-OCT-17','DD-MON-RR'),null,2);
Insert into DB_PINTEREST.TBL_CATEGORIAS ("CODIGO_CATEGORIA ","NOMBRE_CATEGORIA ",CODIGO_CATEGORIA_PADRE,FECHA_CREACION,DESCRIPCION,CODIGO_USUARIO) values (52,'Fotos de Compromiso',4,to_date('18-OCT-17','DD-MON-RR'),null,2);
Insert into DB_PINTEREST.TBL_CATEGORIAS ("CODIGO_CATEGORIA ","NOMBRE_CATEGORIA ",CODIGO_CATEGORIA_PADRE,FECHA_CREACION,DESCRIPCION,CODIGO_USUARIO) values (53,'Quimica',5,to_date('19-OCT-17','DD-MON-RR'),null,3);
Insert into DB_PINTEREST.TBL_CATEGORIAS ("CODIGO_CATEGORIA ","NOMBRE_CATEGORIA ",CODIGO_CATEGORIA_PADRE,FECHA_CREACION,DESCRIPCION,CODIGO_USUARIO) values (54,'Astronomia',5,to_date('19-OCT-17','DD-MON-RR'),null,2);
Insert into DB_PINTEREST.TBL_CATEGORIAS ("CODIGO_CATEGORIA ","NOMBRE_CATEGORIA ",CODIGO_CATEGORIA_PADRE,FECHA_CREACION,DESCRIPCION,CODIGO_USUARIO) values (55,'Naturaleza',5,to_date('19-OCT-17','DD-MON-RR'),null,2);
Insert into DB_PINTEREST.TBL_CATEGORIAS ("CODIGO_CATEGORIA ","NOMBRE_CATEGORIA ",CODIGO_CATEGORIA_PADRE,FECHA_CREACION,DESCRIPCION,CODIGO_USUARIO) values (56,'Australia',55,to_date('20-OCT-17','DD-MON-RR'),null,3);
Insert into DB_PINTEREST.TBL_CATEGORIAS ("CODIGO_CATEGORIA ","NOMBRE_CATEGORIA ",CODIGO_CATEGORIA_PADRE,FECHA_CREACION,DESCRIPCION,CODIGO_USUARIO) values (57,'Puestas de sol',55,to_date('20-OCT-17','DD-MON-RR'),null,2);
Insert into DB_PINTEREST.TBL_CATEGORIAS ("CODIGO_CATEGORIA ","NOMBRE_CATEGORIA ",CODIGO_CATEGORIA_PADRE,FECHA_CREACION,DESCRIPCION,CODIGO_USUARIO) values (58,'Noruega',55,to_date('19-OCT-17','DD-MON-RR'),null,3);
Insert into DB_PINTEREST.TBL_CATEGORIAS ("CODIGO_CATEGORIA ","NOMBRE_CATEGORIA ",CODIGO_CATEGORIA_PADRE,FECHA_CREACION,DESCRIPCION,CODIGO_USUARIO) values (59,'Recetas de navidad',6,to_date('19-OCT-17','DD-MON-RR'),null,3);
Insert into DB_PINTEREST.TBL_CATEGORIAS ("CODIGO_CATEGORIA ","NOMBRE_CATEGORIA ",CODIGO_CATEGORIA_PADRE,FECHA_CREACION,DESCRIPCION,CODIGO_USUARIO) values (60,'Recetas italianas',6,to_date('19-OCT-17','DD-MON-RR'),null,2);
Insert into DB_PINTEREST.TBL_CATEGORIAS ("CODIGO_CATEGORIA ","NOMBRE_CATEGORIA ",CODIGO_CATEGORIA_PADRE,FECHA_CREACION,DESCRIPCION,CODIGO_USUARIO) values (61,'Recetas baratas',6,to_date('20-OCT-17','DD-MON-RR'),null,3);
Insert into DB_PINTEREST.TBL_CATEGORIAS ("CODIGO_CATEGORIA ","NOMBRE_CATEGORIA ",CODIGO_CATEGORIA_PADRE,FECHA_CREACION,DESCRIPCION,CODIGO_USUARIO) values (62,'Bebidas y cocteles',6,to_date('19-OCT-17','DD-MON-RR'),null,2);
Insert into DB_PINTEREST.TBL_CATEGORIAS ("CODIGO_CATEGORIA ","NOMBRE_CATEGORIA ",CODIGO_CATEGORIA_PADRE,FECHA_CREACION,DESCRIPCION,CODIGO_USUARIO) values (63,'Licores',62,to_date('19-OCT-17','DD-MON-RR'),null,2);
Insert into DB_PINTEREST.TBL_CATEGORIAS ("CODIGO_CATEGORIA ","NOMBRE_CATEGORIA ",CODIGO_CATEGORIA_PADRE,FECHA_CREACION,DESCRIPCION,CODIGO_USUARIO) values (64,'Batidos',62,to_date('19-OCT-17','DD-MON-RR'),null,3);
Insert into DB_PINTEREST.TBL_CATEGORIAS ("CODIGO_CATEGORIA ","NOMBRE_CATEGORIA ",CODIGO_CATEGORIA_PADRE,FECHA_CREACION,DESCRIPCION,CODIGO_USUARIO) values (65,'Martinis',62,to_date('20-OCT-17','DD-MON-RR'),null,3);
Insert into DB_PINTEREST.TBL_CATEGORIAS ("CODIGO_CATEGORIA ","NOMBRE_CATEGORIA ",CODIGO_CATEGORIA_PADRE,FECHA_CREACION,DESCRIPCION,CODIGO_USUARIO) values (66,'Diseño de interiores',8,to_date('20-OCT-17','DD-MON-RR'),null,2);
Insert into DB_PINTEREST.TBL_CATEGORIAS ("CODIGO_CATEGORIA ","NOMBRE_CATEGORIA ",CODIGO_CATEGORIA_PADRE,FECHA_CREACION,DESCRIPCION,CODIGO_USUARIO) values (67,'Diseño grafico',8,to_date('20-OCT-17','DD-MON-RR'),null,2);
Insert into DB_PINTEREST.TBL_CATEGORIAS ("CODIGO_CATEGORIA ","NOMBRE_CATEGORIA ",CODIGO_CATEGORIA_PADRE,FECHA_CREACION,DESCRIPCION,CODIGO_USUARIO) values (68,'Diseño de logotipos',8,to_date('20-OCT-17','DD-MON-RR'),null,3);
Insert into DB_PINTEREST.TBL_CATEGORIAS ("CODIGO_CATEGORIA ","NOMBRE_CATEGORIA ",CODIGO_CATEGORIA_PADRE,FECHA_CREACION,DESCRIPCION,CODIGO_USUARIO) values (69,'Interior de Hoteles',66,to_date('19-OCT-17','DD-MON-RR'),null,2);
Insert into DB_PINTEREST.TBL_CATEGORIAS ("CODIGO_CATEGORIA ","NOMBRE_CATEGORIA ",CODIGO_CATEGORIA_PADRE,FECHA_CREACION,DESCRIPCION,CODIGO_USUARIO) values (70,'Interior de Hogar',66,to_date('19-OCT-17','DD-MON-RR'),null,3);
Insert into DB_PINTEREST.TBL_CATEGORIAS ("CODIGO_CATEGORIA ","NOMBRE_CATEGORIA ",CODIGO_CATEGORIA_PADRE,FECHA_CREACION,DESCRIPCION,CODIGO_USUARIO) values (71,'Portadas',67,to_date('20-OCT-17','DD-MON-RR'),null,3);
Insert into DB_PINTEREST.TBL_CATEGORIAS ("CODIGO_CATEGORIA ","NOMBRE_CATEGORIA ",CODIGO_CATEGORIA_PADRE,FECHA_CREACION,DESCRIPCION,CODIGO_USUARIO) values (72,'Posteres',67,to_date('19-OCT-17','DD-MON-RR'),null,3);
Insert into DB_PINTEREST.TBL_CATEGORIAS ("CODIGO_CATEGORIA ","NOMBRE_CATEGORIA ",CODIGO_CATEGORIA_PADRE,FECHA_CREACION,DESCRIPCION,CODIGO_USUARIO) values (73,'Marca Corporativa',68,to_date('20-OCT-17','DD-MON-RR'),null,3);
Insert into DB_PINTEREST.TBL_CATEGORIAS ("CODIGO_CATEGORIA ","NOMBRE_CATEGORIA ",CODIGO_CATEGORIA_PADRE,FECHA_CREACION,DESCRIPCION,CODIGO_USUARIO) values (74,'Logo minimalista',68,to_date('19-OCT-17','DD-MON-RR'),null,2);
Insert into DB_PINTEREST.TBL_CATEGORIAS ("CODIGO_CATEGORIA ","NOMBRE_CATEGORIA ",CODIGO_CATEGORIA_PADRE,FECHA_CREACION,DESCRIPCION,CODIGO_USUARIO) values (75,'Peliculas',9,to_date('19-OCT-17','DD-MON-RR'),null,2);
Insert into DB_PINTEREST.TBL_CATEGORIAS ("CODIGO_CATEGORIA ","NOMBRE_CATEGORIA ",CODIGO_CATEGORIA_PADRE,FECHA_CREACION,DESCRIPCION,CODIGO_USUARIO) values (76,'Musica',9,to_date('19-OCT-17','DD-MON-RR'),null,2);
Insert into DB_PINTEREST.TBL_CATEGORIAS ("CODIGO_CATEGORIA ","NOMBRE_CATEGORIA ",CODIGO_CATEGORIA_PADRE,FECHA_CREACION,DESCRIPCION,CODIGO_USUARIO) values (77,'Articulos',9,to_date('19-OCT-17','DD-MON-RR'),null,3);
Insert into DB_PINTEREST.TBL_CATEGORIAS ("CODIGO_CATEGORIA ","NOMBRE_CATEGORIA ",CODIGO_CATEGORIA_PADRE,FECHA_CREACION,DESCRIPCION,CODIGO_USUARIO) values (78,'Actores',10,to_date('20-OCT-17','DD-MON-RR'),null,3);
Insert into DB_PINTEREST.TBL_CATEGORIAS ("CODIGO_CATEGORIA ","NOMBRE_CATEGORIA ",CODIGO_CATEGORIA_PADRE,FECHA_CREACION,DESCRIPCION,CODIGO_USUARIO) values (79,'Noticias',10,to_date('19-OCT-17','DD-MON-RR'),null,2);
Insert into DB_PINTEREST.TBL_CATEGORIAS ("CODIGO_CATEGORIA ","NOMBRE_CATEGORIA ",CODIGO_CATEGORIA_PADRE,FECHA_CREACION,DESCRIPCION,CODIGO_USUARIO) values (80,'Personajes importantes',10,to_date('19-OCT-17','DD-MON-RR'),null,3);
Insert into DB_PINTEREST.TBL_CATEGORIAS ("CODIGO_CATEGORIA ","NOMBRE_CATEGORIA ",CODIGO_CATEGORIA_PADRE,FECHA_CREACION,DESCRIPCION,CODIGO_USUARIO) values (81,'Retratos',11,to_date('20-OCT-17','DD-MON-RR'),null,3);
Insert into DB_PINTEREST.TBL_CATEGORIAS ("CODIGO_CATEGORIA ","NOMBRE_CATEGORIA ",CODIGO_CATEGORIA_PADRE,FECHA_CREACION,DESCRIPCION,CODIGO_USUARIO) values (82,'Blanco y negro',11,to_date('20-OCT-17','DD-MON-RR'),null,2);
Insert into DB_PINTEREST.TBL_CATEGORIAS ("CODIGO_CATEGORIA ","NOMBRE_CATEGORIA ",CODIGO_CATEGORIA_PADRE,FECHA_CREACION,DESCRIPCION,CODIGO_USUARIO) values (83,'Rostros',11,to_date('19-OCT-17','DD-MON-RR'),null,2);
Insert into DB_PINTEREST.TBL_CATEGORIAS ("CODIGO_CATEGORIA ","NOMBRE_CATEGORIA ",CODIGO_CATEGORIA_PADRE,FECHA_CREACION,DESCRIPCION,CODIGO_USUARIO) values (84,'Fotografia comercial',81,to_date('19-OCT-17','DD-MON-RR'),null,2);
Insert into DB_PINTEREST.TBL_CATEGORIAS ("CODIGO_CATEGORIA ","NOMBRE_CATEGORIA ",CODIGO_CATEGORIA_PADRE,FECHA_CREACION,DESCRIPCION,CODIGO_USUARIO) values (85,'Fotografia de Belleza',81,to_date('20-OCT-17','DD-MON-RR'),null,2);
Insert into DB_PINTEREST.TBL_CATEGORIAS ("CODIGO_CATEGORIA ","NOMBRE_CATEGORIA ",CODIGO_CATEGORIA_PADRE,FECHA_CREACION,DESCRIPCION,CODIGO_USUARIO) values (86,'Historia del mundo',12,to_date('19-OCT-17','DD-MON-RR'),null,3);
Insert into DB_PINTEREST.TBL_CATEGORIAS ("CODIGO_CATEGORIA ","NOMBRE_CATEGORIA ",CODIGO_CATEGORIA_PADRE,FECHA_CREACION,DESCRIPCION,CODIGO_USUARIO) values (87,'Guerra Civil',12,to_date('19-OCT-17','DD-MON-RR'),null,3);
Insert into DB_PINTEREST.TBL_CATEGORIAS ("CODIGO_CATEGORIA ","NOMBRE_CATEGORIA ",CODIGO_CATEGORIA_PADRE,FECHA_CREACION,DESCRIPCION,CODIGO_USUARIO) values (88,'Frases divertidas',13,to_date('19-OCT-17','DD-MON-RR'),null,2);
Insert into DB_PINTEREST.TBL_CATEGORIAS ("CODIGO_CATEGORIA ","NOMBRE_CATEGORIA ",CODIGO_CATEGORIA_PADRE,FECHA_CREACION,DESCRIPCION,CODIGO_USUARIO) values (89,'Memes',13,to_date('20-OCT-17','DD-MON-RR'),null,3);
Insert into DB_PINTEREST.TBL_CATEGORIAS ("CODIGO_CATEGORIA ","NOMBRE_CATEGORIA ",CODIGO_CATEGORIA_PADRE,FECHA_CREACION,DESCRIPCION,CODIGO_USUARIO) values (90,'Fotos divertidas',13,to_date('20-OCT-17','DD-MON-RR'),null,3);
Insert into DB_PINTEREST.TBL_CATEGORIAS ("CODIGO_CATEGORIA ","NOMBRE_CATEGORIA ",CODIGO_CATEGORIA_PADRE,FECHA_CREACION,DESCRIPCION,CODIGO_USUARIO) values (91,'Moda para Mujeres',14,to_date('20-OCT-17','DD-MON-RR'),null,2);
Insert into DB_PINTEREST.TBL_CATEGORIAS ("CODIGO_CATEGORIA ","NOMBRE_CATEGORIA ",CODIGO_CATEGORIA_PADRE,FECHA_CREACION,DESCRIPCION,CODIGO_USUARIO) values (92,'Moda para Hombres',14,to_date('19-OCT-17','DD-MON-RR'),null,3);
Insert into DB_PINTEREST.TBL_CATEGORIAS ("CODIGO_CATEGORIA ","NOMBRE_CATEGORIA ",CODIGO_CATEGORIA_PADRE,FECHA_CREACION,DESCRIPCION,CODIGO_USUARIO) values (93,'Vestidos',91,to_date('24-OCT-17','DD-MON-RR'),null,3);
Insert into DB_PINTEREST.TBL_CATEGORIAS ("CODIGO_CATEGORIA ","NOMBRE_CATEGORIA ",CODIGO_CATEGORIA_PADRE,FECHA_CREACION,DESCRIPCION,CODIGO_USUARIO) values (94,'Zapatos',91,to_date('19-OCT-17','DD-MON-RR'),null,2);
Insert into DB_PINTEREST.TBL_CATEGORIAS ("CODIGO_CATEGORIA ","NOMBRE_CATEGORIA ",CODIGO_CATEGORIA_PADRE,FECHA_CREACION,DESCRIPCION,CODIGO_USUARIO) values (95,'Blusas',91,to_date('20-OCT-17','DD-MON-RR'),null,3);
Insert into DB_PINTEREST.TBL_CATEGORIAS ("CODIGO_CATEGORIA ","NOMBRE_CATEGORIA ",CODIGO_CATEGORIA_PADRE,FECHA_CREACION,DESCRIPCION,CODIGO_USUARIO) values (96,'Trajes',92,to_date('20-OCT-17','DD-MON-RR'),null,3);
Insert into DB_PINTEREST.TBL_CATEGORIAS ("CODIGO_CATEGORIA ","NOMBRE_CATEGORIA ",CODIGO_CATEGORIA_PADRE,FECHA_CREACION,DESCRIPCION,CODIGO_USUARIO) values (97,'Zapatos Hombre',92,to_date('19-OCT-17','DD-MON-RR'),null,2);
Insert into DB_PINTEREST.TBL_CATEGORIAS ("CODIGO_CATEGORIA ","NOMBRE_CATEGORIA ",CODIGO_CATEGORIA_PADRE,FECHA_CREACION,DESCRIPCION,CODIGO_USUARIO) values (98,'Ropa Hombre',92,to_date('20-OCT-17','DD-MON-RR'),null,2);
Insert into DB_PINTEREST.TBL_CATEGORIAS ("CODIGO_CATEGORIA ","NOMBRE_CATEGORIA ",CODIGO_CATEGORIA_PADRE,FECHA_CREACION,DESCRIPCION,CODIGO_USUARIO) values (99,'Peinados',15,to_date('19-OCT-17','DD-MON-RR'),null,2);
Insert into DB_PINTEREST.TBL_CATEGORIAS ("CODIGO_CATEGORIA ","NOMBRE_CATEGORIA ",CODIGO_CATEGORIA_PADRE,FECHA_CREACION,DESCRIPCION,CODIGO_USUARIO) values (100,'Maquillaje',15,to_date('20-OCT-17','DD-MON-RR'),null,2);
Insert into DB_PINTEREST.TBL_CATEGORIAS ("CODIGO_CATEGORIA ","NOMBRE_CATEGORIA ",CODIGO_CATEGORIA_PADRE,FECHA_CREACION,DESCRIPCION,CODIGO_USUARIO) values (101,'Unas',15,to_date('20-OCT-17','DD-MON-RR'),null,2);
Insert into DB_PINTEREST.TBL_CATEGORIAS ("CODIGO_CATEGORIA ","NOMBRE_CATEGORIA ",CODIGO_CATEGORIA_PADRE,FECHA_CREACION,DESCRIPCION,CODIGO_USUARIO) values (102,'Cuidados de la piel',15,to_date('19-OCT-17','DD-MON-RR'),null,3);
Insert into DB_PINTEREST.TBL_CATEGORIAS ("CODIGO_CATEGORIA ","NOMBRE_CATEGORIA ",CODIGO_CATEGORIA_PADRE,FECHA_CREACION,DESCRIPCION,CODIGO_USUARIO) values (103,'Trenzas',99,to_date('19-OCT-17','DD-MON-RR'),null,3);
Insert into DB_PINTEREST.TBL_CATEGORIAS ("CODIGO_CATEGORIA ","NOMBRE_CATEGORIA ",CODIGO_CATEGORIA_PADRE,FECHA_CREACION,DESCRIPCION,CODIGO_USUARIO) values (104,'Rizado',99,to_date('20-OCT-17','DD-MON-RR'),null,3);
Insert into DB_PINTEREST.TBL_CATEGORIAS ("CODIGO_CATEGORIA ","NOMBRE_CATEGORIA ",CODIGO_CATEGORIA_PADRE,FECHA_CREACION,DESCRIPCION,CODIGO_USUARIO) values (105,'Ondas',99,to_date('19-OCT-17','DD-MON-RR'),null,3);
Insert into DB_PINTEREST.TBL_CATEGORIAS ("CODIGO_CATEGORIA ","NOMBRE_CATEGORIA ",CODIGO_CATEGORIA_PADRE,FECHA_CREACION,DESCRIPCION,CODIGO_USUARIO) values (106,'Pestañas',100,to_date('19-OCT-17','DD-MON-RR'),null,3);
Insert into DB_PINTEREST.TBL_CATEGORIAS ("CODIGO_CATEGORIA ","NOMBRE_CATEGORIA ",CODIGO_CATEGORIA_PADRE,FECHA_CREACION,DESCRIPCION,CODIGO_USUARIO) values (107,'Labios',100,to_date('20-OCT-17','DD-MON-RR'),null,2);
Insert into DB_PINTEREST.TBL_CATEGORIAS ("CODIGO_CATEGORIA ","NOMBRE_CATEGORIA ",CODIGO_CATEGORIA_PADRE,FECHA_CREACION,DESCRIPCION,CODIGO_USUARIO) values (108,'Sombras',100,to_date('18-OCT-17','DD-MON-RR'),null,3);
Insert into DB_PINTEREST.TBL_CATEGORIAS ("CODIGO_CATEGORIA ","NOMBRE_CATEGORIA ",CODIGO_CATEGORIA_PADRE,FECHA_CREACION,DESCRIPCION,CODIGO_USUARIO) values (109,'Dieta',16,to_date('20-OCT-17','DD-MON-RR'),null,3);
Insert into DB_PINTEREST.TBL_CATEGORIAS ("CODIGO_CATEGORIA ","NOMBRE_CATEGORIA ",CODIGO_CATEGORIA_PADRE,FECHA_CREACION,DESCRIPCION,CODIGO_USUARIO) values (2,'Animales',null,to_date('18-OCT-17','DD-MON-RR'),'Descubre el mundo animal por medio de todo el contenido disponible',2);
Insert into DB_PINTEREST.TBL_CATEGORIAS ("CODIGO_CATEGORIA ","NOMBRE_CATEGORIA ",CODIGO_CATEGORIA_PADRE,FECHA_CREACION,DESCRIPCION,CODIGO_USUARIO) values (110,'Fitness',16,to_date('03-NOV-17','DD-MON-RR'),null,3);
Insert into DB_PINTEREST.TBL_CATEGORIAS ("CODIGO_CATEGORIA ","NOMBRE_CATEGORIA ",CODIGO_CATEGORIA_PADRE,FECHA_CREACION,DESCRIPCION,CODIGO_USUARIO) values (111,'Recetas Saludables',16,to_date('03-NOV-17','DD-MON-RR'),null,2);
Insert into DB_PINTEREST.TBL_CATEGORIAS ("CODIGO_CATEGORIA ","NOMBRE_CATEGORIA ",CODIGO_CATEGORIA_PADRE,FECHA_CREACION,DESCRIPCION,CODIGO_USUARIO) values (112,'Aparatos',17,to_date('03-NOV-17','DD-MON-RR'),null,3);
Insert into DB_PINTEREST.TBL_CATEGORIAS ("CODIGO_CATEGORIA ","NOMBRE_CATEGORIA ",CODIGO_CATEGORIA_PADRE,FECHA_CREACION,DESCRIPCION,CODIGO_USUARIO) values (113,'Biotecnologia',17,to_date('03-NOV-17','DD-MON-RR'),null,3);
Insert into DB_PINTEREST.TBL_CATEGORIAS ("CODIGO_CATEGORIA ","NOMBRE_CATEGORIA ",CODIGO_CATEGORIA_PADRE,FECHA_CREACION,DESCRIPCION,CODIGO_USUARIO) values (114,'Startups',17,to_date('03-NOV-17','DD-MON-RR'),null,3);
Insert into DB_PINTEREST.TBL_CATEGORIAS ("CODIGO_CATEGORIA ","NOMBRE_CATEGORIA ",CODIGO_CATEGORIA_PADRE,FECHA_CREACION,DESCRIPCION,CODIGO_USUARIO) values (115,'Inteligencia Artificiali',112,to_date('03-NOV-17','DD-MON-RR'),null,2);
Insert into DB_PINTEREST.TBL_CATEGORIAS ("CODIGO_CATEGORIA ","NOMBRE_CATEGORIA ",CODIGO_CATEGORIA_PADRE,FECHA_CREACION,DESCRIPCION,CODIGO_USUARIO) values (116,'Gadgets tecnologicos',112,to_date('03-NOV-17','DD-MON-RR'),null,2);
Insert into DB_PINTEREST.TBL_CATEGORIAS ("CODIGO_CATEGORIA ","NOMBRE_CATEGORIA ",CODIGO_CATEGORIA_PADRE,FECHA_CREACION,DESCRIPCION,CODIGO_USUARIO) values (117,'Agricultura',113,to_date('03-NOV-17','DD-MON-RR'),null,2);
Insert into DB_PINTEREST.TBL_CATEGORIAS ("CODIGO_CATEGORIA ","NOMBRE_CATEGORIA ",CODIGO_CATEGORIA_PADRE,FECHA_CREACION,DESCRIPCION,CODIGO_USUARIO) values (118,'Biologia Ap',113,to_date('03-NOV-17','DD-MON-RR'),null,2);
Insert into DB_PINTEREST.TBL_CATEGORIAS ("CODIGO_CATEGORIA ","NOMBRE_CATEGORIA ",CODIGO_CATEGORIA_PADRE,FECHA_CREACION,DESCRIPCION,CODIGO_USUARIO) values (119,'Marketing de redes sociales',114,to_date('03-NOV-17','DD-MON-RR'),null,2);
Insert into DB_PINTEREST.TBL_CATEGORIAS ("CODIGO_CATEGORIA ","NOMBRE_CATEGORIA ",CODIGO_CATEGORIA_PADRE,FECHA_CREACION,DESCRIPCION,CODIGO_USUARIO) values (120,'Grandes Datos',114,to_date('03-NOV-17','DD-MON-RR'),null,3);
Insert into DB_PINTEREST.TBL_CATEGORIAS ("CODIGO_CATEGORIA ","NOMBRE_CATEGORIA ",CODIGO_CATEGORIA_PADRE,FECHA_CREACION,DESCRIPCION,CODIGO_USUARIO) values (121,'Marketing',114,to_date('03-NOV-17','DD-MON-RR'),null,3);
Insert into DB_PINTEREST.TBL_CATEGORIAS ("CODIGO_CATEGORIA ","NOMBRE_CATEGORIA ",CODIGO_CATEGORIA_PADRE,FECHA_CREACION,DESCRIPCION,CODIGO_USUARIO) values (122,'Deportes extremos',18,to_date('03-NOV-17','DD-MON-RR'),null,3);
Insert into DB_PINTEREST.TBL_CATEGORIAS ("CODIGO_CATEGORIA ","NOMBRE_CATEGORIA ",CODIGO_CATEGORIA_PADRE,FECHA_CREACION,DESCRIPCION,CODIGO_USUARIO) values (123,'Juegos olimpicos',18,to_date('03-NOV-17','DD-MON-RR'),null,3);
Insert into DB_PINTEREST.TBL_CATEGORIAS ("CODIGO_CATEGORIA ","NOMBRE_CATEGORIA ",CODIGO_CATEGORIA_PADRE,FECHA_CREACION,DESCRIPCION,CODIGO_USUARIO) values (124,'Historia y personajes',18,to_date('03-NOV-17','DD-MON-RR'),null,2);
Insert into DB_PINTEREST.TBL_CATEGORIAS ("CODIGO_CATEGORIA ","NOMBRE_CATEGORIA ",CODIGO_CATEGORIA_PADRE,FECHA_CREACION,DESCRIPCION,CODIGO_USUARIO) values (125,'Playa',19,to_date('03-NOV-17','DD-MON-RR'),null,2);
Insert into DB_PINTEREST.TBL_CATEGORIAS ("CODIGO_CATEGORIA ","NOMBRE_CATEGORIA ",CODIGO_CATEGORIA_PADRE,FECHA_CREACION,DESCRIPCION,CODIGO_USUARIO) values (126,'Viaje economico',19,to_date('03-NOV-17','DD-MON-RR'),null,3);
Insert into DB_PINTEREST.TBL_CATEGORIAS ("CODIGO_CATEGORIA ","NOMBRE_CATEGORIA ",CODIGO_CATEGORIA_PADRE,FECHA_CREACION,DESCRIPCION,CODIGO_USUARIO) values (127,'Viaje familiar',19,to_date('03-NOV-17','DD-MON-RR'),null,3);
Insert into DB_PINTEREST.TBL_CATEGORIAS ("CODIGO_CATEGORIA ","NOMBRE_CATEGORIA ",CODIGO_CATEGORIA_PADRE,FECHA_CREACION,DESCRIPCION,CODIGO_USUARIO) values (128,'Viaje romanico',19,to_date('03-NOV-17','DD-MON-RR'),null,2);
Insert into DB_PINTEREST.TBL_CATEGORIAS ("CODIGO_CATEGORIA ","NOMBRE_CATEGORIA ",CODIGO_CATEGORIA_PADRE,FECHA_CREACION,DESCRIPCION,CODIGO_USUARIO) values (129,'Regalos hechos a mano',20,to_date('03-NOV-17','DD-MON-RR'),null,2);
Insert into DB_PINTEREST.TBL_CATEGORIAS ("CODIGO_CATEGORIA ","NOMBRE_CATEGORIA ",CODIGO_CATEGORIA_PADRE,FECHA_CREACION,DESCRIPCION,CODIGO_USUARIO) values (130,'Envoltura',20,to_date('03-NOV-17','DD-MON-RR'),null,2);
Insert into DB_PINTEREST.TBL_CATEGORIAS ("CODIGO_CATEGORIA ","NOMBRE_CATEGORIA ",CODIGO_CATEGORIA_PADRE,FECHA_CREACION,DESCRIPCION,CODIGO_USUARIO) values (131,'Manualidades',20,to_date('03-NOV-17','DD-MON-RR'),null,3);
Insert into DB_PINTEREST.TBL_CATEGORIAS ("CODIGO_CATEGORIA ","NOMBRE_CATEGORIA ",CODIGO_CATEGORIA_PADRE,FECHA_CREACION,DESCRIPCION,CODIGO_USUARIO) values (132,'Ideas para regalar',20,to_date('03-NOV-17','DD-MON-RR'),null,3);
REM INSERTING into DB_PINTEREST.TBL_CHAT_X_USUARIO
SET DEFINE OFF;
REM INSERTING into DB_PINTEREST.TBL_COMENTARIO
SET DEFINE OFF;
REM INSERTING into DB_PINTEREST.TBL_CORREO
SET DEFINE OFF;
REM INSERTING into DB_PINTEREST.TBL_CORREO_X_USUARIO
SET DEFINE OFF;
REM INSERTING into DB_PINTEREST.TBL_DETUNCIA_X_COMENTARIO
SET DEFINE OFF;
REM INSERTING into DB_PINTEREST.TBL_DETUNCIA_X_PIN
SET DEFINE OFF;
REM INSERTING into DB_PINTEREST.TBL_DETUNCIA_X_TABLERO
SET DEFINE OFF;
REM INSERTING into DB_PINTEREST.TBL_DETUNCIA_X_USUARIO
SET DEFINE OFF;
REM INSERTING into DB_PINTEREST.TBL_EMPRESA
SET DEFINE OFF;
REM INSERTING into DB_PINTEREST.TBL_FOTOS
SET DEFINE OFF;
Insert into DB_PINTEREST.TBL_FOTOS (CODIGO_FOTO,ALTO,ANCHO,URL_FOTO,SITIO_WEB) values (42,564,564,'img/roedor.jpg','https://animalbabiesblog.wordpress.com/baby-hedgehog/');
Insert into DB_PINTEREST.TBL_FOTOS (CODIGO_FOTO,ALTO,ANCHO,URL_FOTO,SITIO_WEB) values (43,804,564,'img/camaleon4.jpg','https://twitter.com/planetepics/status/292962081207103488');
Insert into DB_PINTEREST.TBL_FOTOS (CODIGO_FOTO,ALTO,ANCHO,URL_FOTO,SITIO_WEB) values (171,725,564,'img/bellas_artes6.jpg','https://kathy-morawiec.com/products/umas-day-off?utm_campaign=Pinterest%20Buy%20Button&utm_medium=Social&utm_source=Pinterest&utm_content=pinterest-buy-button-00f22bf4b-d27d-4723-968e-d93ad0537d01');
Insert into DB_PINTEREST.TBL_FOTOS (CODIGO_FOTO,ALTO,ANCHO,URL_FOTO,SITIO_WEB) values (172,718,564,'img/bellas_artes7.jpg','http://sollertias.tumblr.com/post/165231636625/ol-days-giuseppe-molteni-1800-1867');
Insert into DB_PINTEREST.TBL_FOTOS (CODIGO_FOTO,ALTO,ANCHO,URL_FOTO,SITIO_WEB) values (173,746,564,'img/bellas_artes8.jpg','https://www.pinterest.co.uk/pin/164803667596914657/');
Insert into DB_PINTEREST.TBL_FOTOS (CODIGO_FOTO,ALTO,ANCHO,URL_FOTO,SITIO_WEB) values (174,609,500,'img/bellas_artes9.jpg','http://imgfave.com/stardust27/page:9?after=181953119');
Insert into DB_PINTEREST.TBL_FOTOS (CODIGO_FOTO,ALTO,ANCHO,URL_FOTO,SITIO_WEB) values (175,741,564,'img/bellas_artes10.jpg','http://greenorc.com/2016/11/beautiful-examples-of-acrylic-painting/');
Insert into DB_PINTEREST.TBL_FOTOS (CODIGO_FOTO,ALTO,ANCHO,URL_FOTO,SITIO_WEB) values (1,846,398,'img/elefante_bebe.jpg','fineartamerica.com

');
Insert into DB_PINTEREST.TBL_FOTOS (CODIGO_FOTO,ALTO,ANCHO,URL_FOTO,SITIO_WEB) values (2,460,276,'img/perro_blanco.jpg','sweetcreamgoldens.com');
Insert into DB_PINTEREST.TBL_FOTOS (CODIGO_FOTO,ALTO,ANCHO,URL_FOTO,SITIO_WEB) values (4,705,480,'img/tigre.jpg','scontent.fbfh3-1.fna.fbcdn.net');
Insert into DB_PINTEREST.TBL_FOTOS (CODIGO_FOTO,ALTO,ANCHO,URL_FOTO,SITIO_WEB) values (3,400,267,'img/ifelinos.jpg','pbs.twimg.com');
Insert into DB_PINTEREST.TBL_FOTOS (CODIGO_FOTO,ALTO,ANCHO,URL_FOTO,SITIO_WEB) values (44,712,418,'img/pajaro.jpg','https://www.flickr.com/photos/pokerbrit/6749200633/');
Insert into DB_PINTEREST.TBL_FOTOS (CODIGO_FOTO,ALTO,ANCHO,URL_FOTO,SITIO_WEB) values (45,873,564,'img/ave9.jpg','https://i.pinimg.com/originals/20/06/e5/2006e514956d16f58f4963a1d0460e19.jpg');
Insert into DB_PINTEREST.TBL_FOTOS (CODIGO_FOTO,ALTO,ANCHO,URL_FOTO,SITIO_WEB) values (46,1001,564,'img/aguila.jpg','https://www.youtube.com/watch?v=aR8cBrRIpEU');
Insert into DB_PINTEREST.TBL_FOTOS (CODIGO_FOTO,ALTO,ANCHO,URL_FOTO,SITIO_WEB) values (47,412,274,'img/ave10.jpg',null);
Insert into DB_PINTEREST.TBL_FOTOS (CODIGO_FOTO,ALTO,ANCHO,URL_FOTO,SITIO_WEB) values (48,600,399,'img/tucan.jpg','http://birdvay.com/cherry-a-blue-free-flight-macaw-blue-and-gold-macaw-with-green-w-bila-voda_chodov/');
Insert into DB_PINTEREST.TBL_FOTOS (CODIGO_FOTO,ALTO,ANCHO,URL_FOTO,SITIO_WEB) values (49,349,236,'img/perro.jpg',null);
Insert into DB_PINTEREST.TBL_FOTOS (CODIGO_FOTO,ALTO,ANCHO,URL_FOTO,SITIO_WEB) values (50,698,465,'img/perro1.jpg',null);
Insert into DB_PINTEREST.TBL_FOTOS (CODIGO_FOTO,ALTO,ANCHO,URL_FOTO,SITIO_WEB) values (51,846,564,'img/peces.jpg','http://veterinariomallorca.es/');
Insert into DB_PINTEREST.TBL_FOTOS (CODIGO_FOTO,ALTO,ANCHO,URL_FOTO,SITIO_WEB) values (52,800,533,'img/ballena.jpg',null);
Insert into DB_PINTEREST.TBL_FOTOS (CODIGO_FOTO,ALTO,ANCHO,URL_FOTO,SITIO_WEB) values (176,564,564,'img/dibujo.jpg','https://www.instagram.com/p/BJeIhaCB5kl/');
Insert into DB_PINTEREST.TBL_FOTOS (CODIGO_FOTO,ALTO,ANCHO,URL_FOTO,SITIO_WEB) values (177,400,289,'img/dibujo_rostro.jpg','http://manualidades.facilisimo.com/guia-unica-como-aprender-a-dibujar-rostros-humanos-paso-a-paso_2072501.html');
Insert into DB_PINTEREST.TBL_FOTOS (CODIGO_FOTO,ALTO,ANCHO,URL_FOTO,SITIO_WEB) values (178,400,256,'img/dibujo_rostro2.jpg','https://www.wattpad.com/256763146-una-mirada-a-lado-tuyo-el-principio-de-la-mentira?utm_source=web&utm_medium=pinterest&utm_content=share_info');
Insert into DB_PINTEREST.TBL_FOTOS (CODIGO_FOTO,ALTO,ANCHO,URL_FOTO,SITIO_WEB) values (179,490,200,'img/dibujo_rostro3.jpg','http://www.iamag.co/features/character-design-collection-eyes-anatomy/');
Insert into DB_PINTEREST.TBL_FOTOS (CODIGO_FOTO,ALTO,ANCHO,URL_FOTO,SITIO_WEB) values (180,685,210,'img/dibujo_rostro4.jpg','https://www.buzzfeed.com/alannaokun/diagrams-that-will-help-you-draw-almost-anything?sub=2831072_2151895&utm_term=.njRVrNBz8#.dtqO8JWrV');
Insert into DB_PINTEREST.TBL_FOTOS (CODIGO_FOTO,ALTO,ANCHO,URL_FOTO,SITIO_WEB) values (181,564,564,'img/dibujo2.jpg','https://www.okchicas.com/tips/formas-relajar-mente-poner-cerebro-lugar/');
Insert into DB_PINTEREST.TBL_FOTOS (CODIGO_FOTO,ALTO,ANCHO,URL_FOTO,SITIO_WEB) values (182,588,469,'img/dibujo3.jpg','https://lacasadelcurioso.com/lista-paginada/arte-animacion/12-siluetas-personajes-peliculas-convertidos-lienzo-geniales-dibujos?utm_source=Contenido&utm_medium=Pagina&utm_campaign=links');
Insert into DB_PINTEREST.TBL_FOTOS (CODIGO_FOTO,ALTO,ANCHO,URL_FOTO,SITIO_WEB) values (183,449,299,'img/dibujo4.jpg','https://sp.depositphotos.com/vector-images/colorear-dibujos-st18100.html');
Insert into DB_PINTEREST.TBL_FOTOS (CODIGO_FOTO,ALTO,ANCHO,URL_FOTO,SITIO_WEB) values (184,497,236,'img/dibujo_rostro5.jpg','https://www.tes.com/lessons/z17GQIN6Ud4r2A/portrait-drawing-resources');
Insert into DB_PINTEREST.TBL_FOTOS (CODIGO_FOTO,ALTO,ANCHO,URL_FOTO,SITIO_WEB) values (185,667,500,'img/dibujo_rostro6.jpg','http://www.imagui.com/a/dibujos-tumblr-de-amor-a-lapiz-cA6GAM5np');
Insert into DB_PINTEREST.TBL_FOTOS (CODIGO_FOTO,ALTO,ANCHO,URL_FOTO,SITIO_WEB) values (186,564,564,'img/dibujo5.jpg',null);
Insert into DB_PINTEREST.TBL_FOTOS (CODIGO_FOTO,ALTO,ANCHO,URL_FOTO,SITIO_WEB) values (187,676,500,'img/dibujo_rostro7.jpg','http://dibujosalapiz.com/10-dibujos-a-lapiz-artisticos/');
Insert into DB_PINTEREST.TBL_FOTOS (CODIGO_FOTO,ALTO,ANCHO,URL_FOTO,SITIO_WEB) values (188,831,564,'img/dibujo6.jpg',null);
Insert into DB_PINTEREST.TBL_FOTOS (CODIGO_FOTO,ALTO,ANCHO,URL_FOTO,SITIO_WEB) values (189,360,561,'img/dibujo_paisaje.jpg','https://imagenesdelmedioambiente.com/imagenes-y-fotos-de-paisajes-para-dibujar-bonitos-a-lapiz/');
Insert into DB_PINTEREST.TBL_FOTOS (CODIGO_FOTO,ALTO,ANCHO,URL_FOTO,SITIO_WEB) values (190,505,338,'img/dibujo_paisaje2.jpg','http://dibujosalapiz.com/10-dibujos-a-lapiz-de-paisajes/');
Insert into DB_PINTEREST.TBL_FOTOS (CODIGO_FOTO,ALTO,ANCHO,URL_FOTO,SITIO_WEB) values (191,500,437,'img/dibujo_paisaje3.jpg','http://www.blogitecno.com/2014/10/dibujos-de-paisajes-para-colorear/');
Insert into DB_PINTEREST.TBL_FOTOS (CODIGO_FOTO,ALTO,ANCHO,URL_FOTO,SITIO_WEB) values (192,304,236,'img/dibujo_paisaje4.jpg','https://imagenesdelmedioambiente.com/dibujos-para-colorear-de-otono-e-invierno-2016/');
Insert into DB_PINTEREST.TBL_FOTOS (CODIGO_FOTO,ALTO,ANCHO,URL_FOTO,SITIO_WEB) values (193,320,247,'img/dibujo_paisaje5.jpg',null);
Insert into DB_PINTEREST.TBL_FOTOS (CODIGO_FOTO,ALTO,ANCHO,URL_FOTO,SITIO_WEB) values (194,472,370,'img/dibujo_paisaje6.jpg','http://dibujosalapiz.com/10-dibujos-a-lapiz-de-paisajes/');
Insert into DB_PINTEREST.TBL_FOTOS (CODIGO_FOTO,ALTO,ANCHO,URL_FOTO,SITIO_WEB) values (195,600,470,'img/dibujo_paisaje7.jpg','http://www.creative.su/items/46084a');
Insert into DB_PINTEREST.TBL_FOTOS (CODIGO_FOTO,ALTO,ANCHO,URL_FOTO,SITIO_WEB) values (196,735,500,'img/naturaleza.jpg','https://yellowrose543.tumblr.com/post/164177321058/yellowrose543-sunset');
Insert into DB_PINTEREST.TBL_FOTOS (CODIGO_FOTO,ALTO,ANCHO,URL_FOTO,SITIO_WEB) values (197,795,530,'img/naturaleza2.jpg','https://plus.google.com/107201942077611607379/posts/R2CTQiLiHp5');
Insert into DB_PINTEREST.TBL_FOTOS (CODIGO_FOTO,ALTO,ANCHO,URL_FOTO,SITIO_WEB) values (198,750,500,'img/naturaleza3.jpg','https://weheartit.com/entry/259644422/via/lauramac_x?context_type=inspirations&inspiration_id=29');
Insert into DB_PINTEREST.TBL_FOTOS (CODIGO_FOTO,ALTO,ANCHO,URL_FOTO,SITIO_WEB) values (199,910,380,'img/naturaleza4.jpg','http://www.laperwa.com/banff-national-park-alberta-canada-2/');
Insert into DB_PINTEREST.TBL_FOTOS (CODIGO_FOTO,ALTO,ANCHO,URL_FOTO,SITIO_WEB) values (200,748,500,'img/naturaleza5.jpg','http://resimlerin-dili.tumblr.com/post/163280481587');
Insert into DB_PINTEREST.TBL_FOTOS (CODIGO_FOTO,ALTO,ANCHO,URL_FOTO,SITIO_WEB) values (5,700,466,'img/jirafas.jpg','fineartamerica.com');
Insert into DB_PINTEREST.TBL_FOTOS (CODIGO_FOTO,ALTO,ANCHO,URL_FOTO,SITIO_WEB) values (6,599,480,'img/leon.jpg','https://www.instagram.com/p/BPVuqTLjLJB/');
Insert into DB_PINTEREST.TBL_FOTOS (CODIGO_FOTO,ALTO,ANCHO,URL_FOTO,SITIO_WEB) values (7,564,564,'img/mariposa.jpg','https://www.flickr.com/photos/andreaskay/8058962851/in/photostream/');
Insert into DB_PINTEREST.TBL_FOTOS (CODIGO_FOTO,ALTO,ANCHO,URL_FOTO,SITIO_WEB) values (8,800,533,'img/pulpo.jpg','http://www.exclusivedivingcanarias.com/gallery-4-5.html');
Insert into DB_PINTEREST.TBL_FOTOS (CODIGO_FOTO,ALTO,ANCHO,URL_FOTO,SITIO_WEB) values (9,281,450,'img/colibri.jpg',null);
Insert into DB_PINTEREST.TBL_FOTOS (CODIGO_FOTO,ALTO,ANCHO,URL_FOTO,SITIO_WEB) values (10,750,500,'img/buho.jpg','http://midnightpoem.tumblr.com/post/28348538056');
Insert into DB_PINTEREST.TBL_FOTOS (CODIGO_FOTO,ALTO,ANCHO,URL_FOTO,SITIO_WEB) values (11,587,417,'img/aves.jpg','http://loriedarlin.tumblr.com/post/138052325028/httpmountainvagabondtumblrcompost73888789168');
Insert into DB_PINTEREST.TBL_FOTOS (CODIGO_FOTO,ALTO,ANCHO,URL_FOTO,SITIO_WEB) values (12,571,426,'img/mariposa_azul.jpg',null);
Insert into DB_PINTEREST.TBL_FOTOS (CODIGO_FOTO,ALTO,ANCHO,URL_FOTO,SITIO_WEB) values (13,922,533,'img/caballo.jpg',null);
Insert into DB_PINTEREST.TBL_FOTOS (CODIGO_FOTO,ALTO,ANCHO,URL_FOTO,SITIO_WEB) values (14,1264,474,'img/tigre2.jpg','wuvelyanimals.com');
Insert into DB_PINTEREST.TBL_FOTOS (CODIGO_FOTO,ALTO,ANCHO,URL_FOTO,SITIO_WEB) values (15,750,490,'img/tigre3.jpg',null);
Insert into DB_PINTEREST.TBL_FOTOS (CODIGO_FOTO,ALTO,ANCHO,URL_FOTO,SITIO_WEB) values (16,652,500,'img/gato1.jpg','http://imgfave.com/view/7648780?r=pin');
Insert into DB_PINTEREST.TBL_FOTOS (CODIGO_FOTO,ALTO,ANCHO,URL_FOTO,SITIO_WEB) values (17,712,530,'img/gato2.jpg','http://catsofinstagram.com/post/166081004663/from-kittenmila-hiya-twitterweek');
Insert into DB_PINTEREST.TBL_FOTOS (CODIGO_FOTO,ALTO,ANCHO,URL_FOTO,SITIO_WEB) values (18,500,500,'img/gato3.jpg','http://catsofinstagram.com/post/166081004663/from-kittenmila-hiya-twitterweek');
Insert into DB_PINTEREST.TBL_FOTOS (CODIGO_FOTO,ALTO,ANCHO,URL_FOTO,SITIO_WEB) values (19,354,236,'img/gato4.jpg','http://sol-y-luna611.tumblr.com/post/146135686969');
Insert into DB_PINTEREST.TBL_FOTOS (CODIGO_FOTO,ALTO,ANCHO,URL_FOTO,SITIO_WEB) values (20,480,480,'img/gato5.jpg','http://whisperofvintage.tumblr.com/post/159071693969/lunamiangel');
Insert into DB_PINTEREST.TBL_FOTOS (CODIGO_FOTO,ALTO,ANCHO,URL_FOTO,SITIO_WEB) values (21,600,400,'img/gato6.jpg','http://blog.cutecataccessories.com/post/152773372355');
Insert into DB_PINTEREST.TBL_FOTOS (CODIGO_FOTO,ALTO,ANCHO,URL_FOTO,SITIO_WEB) values (22,846,564,'img/fox.jpg',null);
Insert into DB_PINTEREST.TBL_FOTOS (CODIGO_FOTO,ALTO,ANCHO,URL_FOTO,SITIO_WEB) values (23,847,564,'img/venados.jpg',null);
Insert into DB_PINTEREST.TBL_FOTOS (CODIGO_FOTO,ALTO,ANCHO,URL_FOTO,SITIO_WEB) values (24,720,480,'img/koala.jpg','https://nouvelleviehaiti.org/cute-australian-animals/');
Insert into DB_PINTEREST.TBL_FOTOS (CODIGO_FOTO,ALTO,ANCHO,URL_FOTO,SITIO_WEB) values (25,847,564,'img/oso.jpg',null);
Insert into DB_PINTEREST.TBL_FOTOS (CODIGO_FOTO,ALTO,ANCHO,URL_FOTO,SITIO_WEB) values (26,878,564,'img/alce.jpg','http://mountainvagabond.tumblr.com/post/108774531313/gentlemanfisherman-photo-mark-picard');
Insert into DB_PINTEREST.TBL_FOTOS (CODIGO_FOTO,ALTO,ANCHO,URL_FOTO,SITIO_WEB) values (27,400,400,'img/murcielago.jpg','http://www.batcon.org/why-bats/bats-are/bats-are-cool');
Insert into DB_PINTEREST.TBL_FOTOS (CODIGO_FOTO,ALTO,ANCHO,URL_FOTO,SITIO_WEB) values (28,960,333,'img/coso.jpg',null);
Insert into DB_PINTEREST.TBL_FOTOS (CODIGO_FOTO,ALTO,ANCHO,URL_FOTO,SITIO_WEB) values (29,810,540,'img/ardilla.jpg',null);
Insert into DB_PINTEREST.TBL_FOTOS (CODIGO_FOTO,ALTO,ANCHO,URL_FOTO,SITIO_WEB) values (30,640,426,'img/nutria.jpg',null);
Insert into DB_PINTEREST.TBL_FOTOS (CODIGO_FOTO,ALTO,ANCHO,URL_FOTO,SITIO_WEB) values (31,769,564,'img/ave1.jpg','http://budgie-research.tumblr.com/post/156800530618/look-at');
Insert into DB_PINTEREST.TBL_FOTOS (CODIGO_FOTO,ALTO,ANCHO,URL_FOTO,SITIO_WEB) values (32,640,427,'img/ave2.jpg','http://beautifulpicturesamazing.tumblr.com/post/127821613390/australian-star-finc-beautiful-amazing');
Insert into DB_PINTEREST.TBL_FOTOS (CODIGO_FOTO,ALTO,ANCHO,URL_FOTO,SITIO_WEB) values (33,810,540,'img/ave4.jpg','https://maschio61.tumblr.com/post/160388719449/httpsmaschio61tumblrcomarchive-thanks-for');
Insert into DB_PINTEREST.TBL_FOTOS (CODIGO_FOTO,ALTO,ANCHO,URL_FOTO,SITIO_WEB) values (34,704,564,'img/ave5.jpg','https://kp.ua/life/573250-sekrety-horodskykh-ptyts-kto-y-kak-poet-u-nas-pod-oknamy');
Insert into DB_PINTEREST.TBL_FOTOS (CODIGO_FOTO,ALTO,ANCHO,URL_FOTO,SITIO_WEB) values (35,750,500,'img/ave6.jpg','http://www.laperwa.com/what-a-beautiful-red-bird/');
Insert into DB_PINTEREST.TBL_FOTOS (CODIGO_FOTO,ALTO,ANCHO,URL_FOTO,SITIO_WEB) values (36,698,297,'img/ave7.jpg','https://nouvelleviehaiti.org/colorful-birds/v');
Insert into DB_PINTEREST.TBL_FOTOS (CODIGO_FOTO,ALTO,ANCHO,URL_FOTO,SITIO_WEB) values (37,600,480,'img/ave8.jpg',null);
Insert into DB_PINTEREST.TBL_FOTOS (CODIGO_FOTO,ALTO,ANCHO,URL_FOTO,SITIO_WEB) values (38,751,500,'img/camaleon.jpg','http://ofnaturesbeauty.tumblr.com/image/41793791419');
Insert into DB_PINTEREST.TBL_FOTOS (CODIGO_FOTO,ALTO,ANCHO,URL_FOTO,SITIO_WEB) values (39,800,531,'img/espin.jpg','http://www.nature-inspirations.com/Color/Color/Seasonal-hedgehog-260/#joomimg');
Insert into DB_PINTEREST.TBL_FOTOS (CODIGO_FOTO,ALTO,ANCHO,URL_FOTO,SITIO_WEB) values (40,396,280,'img/camaleon2.jpg',null);
Insert into DB_PINTEREST.TBL_FOTOS (CODIGO_FOTO,ALTO,ANCHO,URL_FOTO,SITIO_WEB) values (41,671,564,'img/camaleon2.jpg','http://sixpenceee.com/post/143960440309/a-collection-of-colorful-dragons-source');
Insert into DB_PINTEREST.TBL_FOTOS (CODIGO_FOTO,ALTO,ANCHO,URL_FOTO,SITIO_WEB) values (53,570,380,'img/acuatico.jpg','http://www.folkvox.com/search-voxes?tag=Art&username=rokaz');
Insert into DB_PINTEREST.TBL_FOTOS (CODIGO_FOTO,ALTO,ANCHO,URL_FOTO,SITIO_WEB) values (54,500,468,'img/estrella_mar.jpg','http://animalesacuaticos.net/estrellas-de-mar-rosadas/');
Insert into DB_PINTEREST.TBL_FOTOS (CODIGO_FOTO,ALTO,ANCHO,URL_FOTO,SITIO_WEB) values (55,507,380,'img/acuatico_medusa.jpg',null);
Insert into DB_PINTEREST.TBL_FOTOS (CODIGO_FOTO,ALTO,ANCHO,URL_FOTO,SITIO_WEB) values (56,833,564,'img/tiburon.jpg',null);
Insert into DB_PINTEREST.TBL_FOTOS (CODIGO_FOTO,ALTO,ANCHO,URL_FOTO,SITIO_WEB) values (57,663,447,'img/delfines.jpg','http://emberwillowtree.tumblr.com/post/146350688389/los-delfines-son-un-claro-ejemplo-de-lealtad-y');
Insert into DB_PINTEREST.TBL_FOTOS (CODIGO_FOTO,ALTO,ANCHO,URL_FOTO,SITIO_WEB) values (58,637,252,'img/ballena2.jpg','http://borzui.tumblr.com/');
Insert into DB_PINTEREST.TBL_FOTOS (CODIGO_FOTO,ALTO,ANCHO,URL_FOTO,SITIO_WEB) values (59,467,564,'img/delfines2.jpg',null);
Insert into DB_PINTEREST.TBL_FOTOS (CODIGO_FOTO,ALTO,ANCHO,URL_FOTO,SITIO_WEB) values (60,492,500,'img/delfines3.jpg',null);
Insert into DB_PINTEREST.TBL_FOTOS (CODIGO_FOTO,ALTO,ANCHO,URL_FOTO,SITIO_WEB) values (61,500,329,'img/delfines4.jpg',null);
Insert into DB_PINTEREST.TBL_FOTOS (CODIGO_FOTO,ALTO,ANCHO,URL_FOTO,SITIO_WEB) values (62,833,564,'img/delfin5.jpg',null);
Insert into DB_PINTEREST.TBL_FOTOS (CODIGO_FOTO,ALTO,ANCHO,URL_FOTO,SITIO_WEB) values (63,750,440,'img/delfines6.jpg','http://lobello.tumblr.com/post/109442390605');
Insert into DB_PINTEREST.TBL_FOTOS (CODIGO_FOTO,ALTO,ANCHO,URL_FOTO,SITIO_WEB) values (64,423,564,'img/tortuga_marina.jpg',null);
Insert into DB_PINTEREST.TBL_FOTOS (CODIGO_FOTO,ALTO,ANCHO,URL_FOTO,SITIO_WEB) values (65,800,533,'img/peces2.jpg','http://coquidv.tumblr.com/post/92082999843');
Insert into DB_PINTEREST.TBL_FOTOS (CODIGO_FOTO,ALTO,ANCHO,URL_FOTO,SITIO_WEB) values (66,846,564,'img/colibri2.jpg',null);
Insert into DB_PINTEREST.TBL_FOTOS (CODIGO_FOTO,ALTO,ANCHO,URL_FOTO,SITIO_WEB) values (67,962,441,'img/colibri3.jpg','http://creacionynaturaleza.blogspot.com.es/search?updated-max=2014-09-14T00:01:00-07:00&max-results=7&start=140&by-date=false');
Insert into DB_PINTEREST.TBL_FOTOS (CODIGO_FOTO,ALTO,ANCHO,URL_FOTO,SITIO_WEB) values (68,700,500,'img/colibri4.jpg','https://fineartamerica.com/products/5-violet-crowned-hummingbird-part-of-my-hummingbird-art-collection-denise-campbell-greeting-card.html?orientation=1');
Insert into DB_PINTEREST.TBL_FOTOS (CODIGO_FOTO,ALTO,ANCHO,URL_FOTO,SITIO_WEB) values (69,662,341,'img/colibri5.jpg','http://danadracost.tumblr.com/post/76676906735/simply-beautiful-world');
Insert into DB_PINTEREST.TBL_FOTOS (CODIGO_FOTO,ALTO,ANCHO,URL_FOTO,SITIO_WEB) values (70,700,521,'img/colibri6.jpg','https://fineartamerica.com/featured/flying-hummingbird-ltramarine-blue-peach-colors-suren-nersisyan.html');
Insert into DB_PINTEREST.TBL_FOTOS (CODIGO_FOTO,ALTO,ANCHO,URL_FOTO,SITIO_WEB) values (71,640,480,'img/loro.jpg','http://aves-pe.blogspot.com/2015/10/loro-hablador-amazona-aestiva-turquoise.html?spref=pi');
Insert into DB_PINTEREST.TBL_FOTOS (CODIGO_FOTO,ALTO,ANCHO,URL_FOTO,SITIO_WEB) values (72,794,530,'img/loro2.jpg',null);
Insert into DB_PINTEREST.TBL_FOTOS (CODIGO_FOTO,ALTO,ANCHO,URL_FOTO,SITIO_WEB) values (73,750,500,'img/loro3.jpg',null);
Insert into DB_PINTEREST.TBL_FOTOS (CODIGO_FOTO,ALTO,ANCHO,URL_FOTO,SITIO_WEB) values (74,271,148,'img/loro4.jpg','http://www.parrotjewelry.com/pins.html');
Insert into DB_PINTEREST.TBL_FOTOS (CODIGO_FOTO,ALTO,ANCHO,URL_FOTO,SITIO_WEB) values (75,895,564,'img/perro3.jpg','https://www.okchicas.com/animales/cachorros-derretiran-corazon/');
Insert into DB_PINTEREST.TBL_FOTOS (CODIGO_FOTO,ALTO,ANCHO,URL_FOTO,SITIO_WEB) values (76,604,456,'img/perro4.jpg','http://veterinariomallorca.es/');
Insert into DB_PINTEREST.TBL_FOTOS (CODIGO_FOTO,ALTO,ANCHO,URL_FOTO,SITIO_WEB) values (77,647,544,'img/perro5.jpg','http://fun.hudo.com/es/cartel/perro-tierno-1/');
Insert into DB_PINTEREST.TBL_FOTOS (CODIGO_FOTO,ALTO,ANCHO,URL_FOTO,SITIO_WEB) values (78,598,511,'img/perro6.jpg','https://plus.google.com/photos/photo/115689050076687901909/6386904834611910850?icm=false&sqid=113678595147618762604&ssid=ad93a9a2-13cd-47a1-b7e1-d2b686047bb2');
Insert into DB_PINTEREST.TBL_FOTOS (CODIGO_FOTO,ALTO,ANCHO,URL_FOTO,SITIO_WEB) values (79,612,500,'img/perro7.jpg','https://motivacion.guru/');
Insert into DB_PINTEREST.TBL_FOTOS (CODIGO_FOTO,ALTO,ANCHO,URL_FOTO,SITIO_WEB) values (80,2120,564,'img/perro8.jpg','http://www.ciudaddemascotas.com/pre-home/');
Insert into DB_PINTEREST.TBL_FOTOS (CODIGO_FOTO,ALTO,ANCHO,URL_FOTO,SITIO_WEB) values (81,846,564,'img/diseño_urbano.jpg','https://www.galeriadaarquitetura.com.br/slideshow/newslideshow.aspx?idproject=3442&index=1');
Insert into DB_PINTEREST.TBL_FOTOS (CODIGO_FOTO,ALTO,ANCHO,URL_FOTO,SITIO_WEB) values (82,373,560,'img/diseño_urbano2.jpg','https://www.architonic.com/en/product/tf-urban-botanic-twist/1421749?utm_content=linkpost,20TL,TF-URBAN,MATVSR,3104345&utm_source=facebook.com&utm_medium=social&utm_campaign=Falcon');
Insert into DB_PINTEREST.TBL_FOTOS (CODIGO_FOTO,ALTO,ANCHO,URL_FOTO,SITIO_WEB) values (83,1134,520,'img/diseño_urbano3.jpg','https://archinect.com/people/project/67995874/bulgaria-533/150007468?utm_content=buffer910ad&utm_medium=social&utm_source=pinterest.com&utm_campaign=buffer');
Insert into DB_PINTEREST.TBL_FOTOS (CODIGO_FOTO,ALTO,ANCHO,URL_FOTO,SITIO_WEB) values (84,845,564,'img/diseño_urbano4.jpg','http://casavogue.globo.com/Arquitetura/Cidade/noticia/2017/05/elevado-em-seul-e-transformado-em-parque.html');
Insert into DB_PINTEREST.TBL_FOTOS (CODIGO_FOTO,ALTO,ANCHO,URL_FOTO,SITIO_WEB) values (85,704,564,'img/diseño_urbano5.jpg','https://www.instagram.com/p/BMgXqBdFsi5/');
Insert into DB_PINTEREST.TBL_FOTOS (CODIGO_FOTO,ALTO,ANCHO,URL_FOTO,SITIO_WEB) values (86,761,564,'img/diseño_urbano6.jpg','https://www.designboom.com/architecture/wmbstudio-bench-micro-park-london-12-01-2015/');
Insert into DB_PINTEREST.TBL_FOTOS (CODIGO_FOTO,ALTO,ANCHO,URL_FOTO,SITIO_WEB) values (87,564,564,'img/diseño_urbano7.jpg','https://www.facebook.com/photo.php?fbid=10203692170159438&set=a.2983950312457.138576.1072955578&type=1&theater');
Insert into DB_PINTEREST.TBL_FOTOS (CODIGO_FOTO,ALTO,ANCHO,URL_FOTO,SITIO_WEB) values (88,1001,564,'img/diseño_urbano8.jpg','https://www.facebook.com/photo.php?fbid=10203692170159438&set=a.2983950312457.138576.1072955578&type=1&theater');
Insert into DB_PINTEREST.TBL_FOTOS (CODIGO_FOTO,ALTO,ANCHO,URL_FOTO,SITIO_WEB) values (89,500,500,'img/arqui_antigua.jpg','http://we-heart-it-here.tumblr.com/post/166190139706');
Insert into DB_PINTEREST.TBL_FOTOS (CODIGO_FOTO,ALTO,ANCHO,URL_FOTO,SITIO_WEB) values (90,825,550,'img/arqui_antigua2.jpg','http://bilder-album.blogspot.jp/2014/09/natur-amazing-photos-of-world.html?m=1');
Insert into DB_PINTEREST.TBL_FOTOS (CODIGO_FOTO,ALTO,ANCHO,URL_FOTO,SITIO_WEB) values (91,790,504,'img/arqui_antigua3.jpg','http://www.wallcoo.net/human/WIN7_Themepack_Ireland/wallpapers/1280x1024/ireland9.html');
Insert into DB_PINTEREST.TBL_FOTOS (CODIGO_FOTO,ALTO,ANCHO,URL_FOTO,SITIO_WEB) values (92,711,474,'img/arqui_antigua4.jpg',null);
Insert into DB_PINTEREST.TBL_FOTOS (CODIGO_FOTO,ALTO,ANCHO,URL_FOTO,SITIO_WEB) values (93,750,500,'img/arqui_antigua5.jpg','http://thegallivantpost.com/');
Insert into DB_PINTEREST.TBL_FOTOS (CODIGO_FOTO,ALTO,ANCHO,URL_FOTO,SITIO_WEB) values (94,1009,564,'img/arqui_antigua6.jpg','http://amongraf.ro/19-reasons-to-love-japan-an-unforgettable-travel-destination/19/?crlt.pid=camp.gwQPbb1BqXf2');
Insert into DB_PINTEREST.TBL_FOTOS (CODIGO_FOTO,ALTO,ANCHO,URL_FOTO,SITIO_WEB) values (95,640,480,'img/arqui_antigua7.jpg','http://visitheworld.tumblr.com/post/23297251817/grand-jaguar-pyramid-at-tikal-mayan-ruins');
Insert into DB_PINTEREST.TBL_FOTOS (CODIGO_FOTO,ALTO,ANCHO,URL_FOTO,SITIO_WEB) values (96,564,564,'img/arquitectos.jpg','https://www.plataformaarquitectura.cl/cl/875295/9-arquitectos-increiblemente-famosos-que-no-poseian-un-titulo-de-arquitectura?ad_medium=widget&ad_name=most-visited-article-show');
Insert into DB_PINTEREST.TBL_FOTOS (CODIGO_FOTO,ALTO,ANCHO,URL_FOTO,SITIO_WEB) values (97,697,564,'img/arquitectos2.jpg','https://es.wikipedia.org/wiki/Peter_Behrens#/media/File:Peter_Behrens,_um_1913.jpg');
Insert into DB_PINTEREST.TBL_FOTOS (CODIGO_FOTO,ALTO,ANCHO,URL_FOTO,SITIO_WEB) values (98,532,564,'img/arquitectos3.jpg','https://www.plataformaarquitectura.cl/cl/877849/los-inesperados-primeros-trabajos-de-siete-arquitectos-famosos/597a01deb22e38c78f0001d8-the-unexpected-first-jobs-of-seven-famous-architects-image');
Insert into DB_PINTEREST.TBL_FOTOS (CODIGO_FOTO,ALTO,ANCHO,URL_FOTO,SITIO_WEB) values (99,846,564,'img/arquitectos4.jpg','https://www.plataformaarquitectura.cl/cl/02-346319/shigeru-ban-recibe-el-premio-pritzker-2014');
Insert into DB_PINTEREST.TBL_FOTOS (CODIGO_FOTO,ALTO,ANCHO,URL_FOTO,SITIO_WEB) values (100,550,546,'img/arquitectos5.jpg','http://www.architecturalrecord.com/articles/12098-review-of-eero-saarinen-the-architect-who-saw-the-future');
Insert into DB_PINTEREST.TBL_FOTOS (CODIGO_FOTO,ALTO,ANCHO,URL_FOTO,SITIO_WEB) values (101,883,564,'img/arquitectos6.jpg','http://revistacasaejardim.globo.com/Casa-e-Jardim/Arquitetura/noticia/2015/06/homenagem-ao-centenario-de-vilanova-artigas.html');
Insert into DB_PINTEREST.TBL_FOTOS (CODIGO_FOTO,ALTO,ANCHO,URL_FOTO,SITIO_WEB) values (102,225,320,'img/arquitectos7.jpg','http://www.arquitexs.com/los-arquitectos-famosos-mas-importantes');
Insert into DB_PINTEREST.TBL_FOTOS (CODIGO_FOTO,ALTO,ANCHO,URL_FOTO,SITIO_WEB) values (103,383,300,'img/arquitectos8.jpg','https://elpais.com/cultura/2012/03/16/actualidad/1331901082_075078.html');
Insert into DB_PINTEREST.TBL_FOTOS (CODIGO_FOTO,ALTO,ANCHO,URL_FOTO,SITIO_WEB) values (104,1967,564,'img/arqui_moderna.jpg','https://www.concepthome.com/house-plans/modern-house-ch111/24/');
Insert into DB_PINTEREST.TBL_FOTOS (CODIGO_FOTO,ALTO,ANCHO,URL_FOTO,SITIO_WEB) values (105,579,470,'img/arqui_moderna2.jpg','http://homstydec.blogspot.no/');
Insert into DB_PINTEREST.TBL_FOTOS (CODIGO_FOTO,ALTO,ANCHO,URL_FOTO,SITIO_WEB) values (106,800,533,'img/arqui_moderna3.jpg','http://www.skyscrapercity.com/showthread.php?t=917050');
Insert into DB_PINTEREST.TBL_FOTOS (CODIGO_FOTO,ALTO,ANCHO,URL_FOTO,SITIO_WEB) values (107,854,480,'img/arqui_moderna4.jpg','https://mobile.twitter.com/SonEstructuras/status/551974002730606592?s=09');
Insert into DB_PINTEREST.TBL_FOTOS (CODIGO_FOTO,ALTO,ANCHO,URL_FOTO,SITIO_WEB) values (108,900,392,'img/arqui_moderna5.jpg',null);
Insert into DB_PINTEREST.TBL_FOTOS (CODIGO_FOTO,ALTO,ANCHO,URL_FOTO,SITIO_WEB) values (109,846,564,'img/arqui_moderna6.jpg',null);
Insert into DB_PINTEREST.TBL_FOTOS (CODIGO_FOTO,ALTO,ANCHO,URL_FOTO,SITIO_WEB) values (110,1471,564,'img/arqui_moderna7.jpg','http://www.home-designing.com/2014/11/gorgeous-family-home-in-south-africa-features-majestic-ocean-views?utm_source=feedburner&utm_medium=feed&utm_campaign=Feed:+home-designing+(Home+Design+Ideas)');
Insert into DB_PINTEREST.TBL_FOTOS (CODIGO_FOTO,ALTO,ANCHO,URL_FOTO,SITIO_WEB) values (111,1200,456,'img/arqui_moderna8.jpg',null);
Insert into DB_PINTEREST.TBL_FOTOS (CODIGO_FOTO,ALTO,ANCHO,URL_FOTO,SITIO_WEB) values (112,674,564,'img/arqui_moderna9.jpg','http://life1nmotion.com/post/146951168346/dior-boutique-building-consists-of-two-parts-a');
Insert into DB_PINTEREST.TBL_FOTOS (CODIGO_FOTO,ALTO,ANCHO,URL_FOTO,SITIO_WEB) values (113,778,443,'img/arqui_moderna10.jpg','http://ostivm.blogspot.com.es/');
Insert into DB_PINTEREST.TBL_FOTOS (CODIGO_FOTO,ALTO,ANCHO,URL_FOTO,SITIO_WEB) values (114,846,564,'img/arqui_moderna11.jpg','https://www.homify.com.mx/proyectos/170667/n14');
Insert into DB_PINTEREST.TBL_FOTOS (CODIGO_FOTO,ALTO,ANCHO,URL_FOTO,SITIO_WEB) values (115,846,564,'img/arqui_moderna12.jpg','http://www.cuded.com/2013/07/residencia-df/');
Insert into DB_PINTEREST.TBL_FOTOS (CODIGO_FOTO,ALTO,ANCHO,URL_FOTO,SITIO_WEB) values (116,1186,564,'img/arqui_moderna13.jpg','http://www.skyscrapercity.com/showthread.php?t=567415&page=139');
Insert into DB_PINTEREST.TBL_FOTOS (CODIGO_FOTO,ALTO,ANCHO,URL_FOTO,SITIO_WEB) values (117,2229,564,'img/arqui_moderna14.jpg',null);
Insert into DB_PINTEREST.TBL_FOTOS (CODIGO_FOTO,ALTO,ANCHO,URL_FOTO,SITIO_WEB) values (118,705,564,'img/arqui_moderna15.jpg','https://www.instagram.com/accounts/login/?next=/p/BBfFFSwnHWX/&source=follow');
Insert into DB_PINTEREST.TBL_FOTOS (CODIGO_FOTO,ALTO,ANCHO,URL_FOTO,SITIO_WEB) values (119,560,394,'img/arqui_moderna16.jpg','https://www.construyehogar.com/diseno/fachadas-de-casas-modernas-de-dos-pisos/');
Insert into DB_PINTEREST.TBL_FOTOS (CODIGO_FOTO,ALTO,ANCHO,URL_FOTO,SITIO_WEB) values (120,465,564,'img/arqui_antigua8.jpg','http://www.crystalinks.com/indiarchitecture.html');
Insert into DB_PINTEREST.TBL_FOTOS (CODIGO_FOTO,ALTO,ANCHO,URL_FOTO,SITIO_WEB) values (121,763,564,'img/arqui_antigua9.jpg','https://www.thoughtco.com/roman-architecture-and-monuments-117110');
Insert into DB_PINTEREST.TBL_FOTOS (CODIGO_FOTO,ALTO,ANCHO,URL_FOTO,SITIO_WEB) values (122,640,427,'img/arqui_antigua10.jpg','https://www.flickr.com/photos/hobsonish/7385321622/sizes/l/');
Insert into DB_PINTEREST.TBL_FOTOS (CODIGO_FOTO,ALTO,ANCHO,URL_FOTO,SITIO_WEB) values (123,640,427,'img/arqui_antigua11.jpg','http://www.feedpuzzle.com/feed/the-parthenon-athens-simple-interesting/');
Insert into DB_PINTEREST.TBL_FOTOS (CODIGO_FOTO,ALTO,ANCHO,URL_FOTO,SITIO_WEB) values (124,640,426,'img/arqui_antigua12.jpg',null);
Insert into DB_PINTEREST.TBL_FOTOS (CODIGO_FOTO,ALTO,ANCHO,URL_FOTO,SITIO_WEB) values (125,1686,290,'img/compromiso.jpg','http://www.weddinginclude.com/2017/06/creative-fall-engagement-photo-shoots-ideas/');
Insert into DB_PINTEREST.TBL_FOTOS (CODIGO_FOTO,ALTO,ANCHO,URL_FOTO,SITIO_WEB) values (126,800,564,'img/compromiso2.jpg','https://weddmagz.com/21-super-funny-engagement-photo-ideas/');
Insert into DB_PINTEREST.TBL_FOTOS (CODIGO_FOTO,ALTO,ANCHO,URL_FOTO,SITIO_WEB) values (127,1612,564,'img/compromiso3.jpg','http://weddinginclude.comhttp/www.weddinginclude.com/2017/06/creative-fall-engagement-photo-shoots-ideas/');
Insert into DB_PINTEREST.TBL_FOTOS (CODIGO_FOTO,ALTO,ANCHO,URL_FOTO,SITIO_WEB) values (128,843,564,'img/compromiso4.jpg','http://josieengland.com/blog/2017/2/27/emily-dylan-engagements-in-the-mountains');
Insert into DB_PINTEREST.TBL_FOTOS (CODIGO_FOTO,ALTO,ANCHO,URL_FOTO,SITIO_WEB) values (129,698,236,'img/compromiso5.jpg','http://www.weddinginclude.com/2017/06/creative-fall-engagement-photo-shoots-ideas/');
Insert into DB_PINTEREST.TBL_FOTOS (CODIGO_FOTO,ALTO,ANCHO,URL_FOTO,SITIO_WEB) values (130,845,564,'img/compromiso6.jpg','http://www.weddingforward.com/marriage-proposal-photo-ideas/?utm_source=Pinterest&utm_medium=Social&utm_campaign=AUTO-EngagementPhotoPosesForCouplesPart2&utm_content=-terra-rothman-photography-2');
Insert into DB_PINTEREST.TBL_FOTOS (CODIGO_FOTO,ALTO,ANCHO,URL_FOTO,SITIO_WEB) values (131,844,564,'img/compromiso7.jpg','http://www.ysedusky.com/2017/03/30/top-40-inspirations-engagement-photos-for-happy-weddings/');
Insert into DB_PINTEREST.TBL_FOTOS (CODIGO_FOTO,ALTO,ANCHO,URL_FOTO,SITIO_WEB) values (132,846,564,'img/compromiso8.jpg','http://www.magnoliarouge.com/inspiration/stunning-light-filled-utah-engagement-photos/');
Insert into DB_PINTEREST.TBL_FOTOS (CODIGO_FOTO,ALTO,ANCHO,URL_FOTO,SITIO_WEB) values (133,861,290,'img/vestido_novia.jpg','http://theweddingpin.com/gallery/wedding-dress/');
Insert into DB_PINTEREST.TBL_FOTOS (CODIGO_FOTO,ALTO,ANCHO,URL_FOTO,SITIO_WEB) values (134,1770,564,'img/vestido_novia2.jpg',null);
Insert into DB_PINTEREST.TBL_FOTOS (CODIGO_FOTO,ALTO,ANCHO,URL_FOTO,SITIO_WEB) values (135,1393,400,'img/vestido_novia3.jpg','http://myweddingguides.com/gallery/wedding-dress/');
Insert into DB_PINTEREST.TBL_FOTOS (CODIGO_FOTO,ALTO,ANCHO,URL_FOTO,SITIO_WEB) values (136,1363,564,'img/vestido_novia4.jpg','http://www.dressilyme.com/p-alluring-tulle-v-neck-neckline-a-line-wedding-dress-with-beaded-lace-appliques-belt-81234.html');
Insert into DB_PINTEREST.TBL_FOTOS (CODIGO_FOTO,ALTO,ANCHO,URL_FOTO,SITIO_WEB) values (137,1230,550,'img/vestido_novia5.jpg','http://www.laperwa.com/bridal-collection-berta-2017/');
Insert into DB_PINTEREST.TBL_FOTOS (CODIGO_FOTO,ALTO,ANCHO,URL_FOTO,SITIO_WEB) values (138,1423,564,'img/vestido_novia6.jpg','http://bellethemagazine.com/2017/03/wedding-dresses-stella-york-spring-2017.html');
Insert into DB_PINTEREST.TBL_FOTOS (CODIGO_FOTO,ALTO,ANCHO,URL_FOTO,SITIO_WEB) values (139,1579,564,'img/vestido_novia7.jpg','http://www.dressilyme.com/product/productNoFound.do');
Insert into DB_PINTEREST.TBL_FOTOS (CODIGO_FOTO,ALTO,ANCHO,URL_FOTO,SITIO_WEB) values (140,1363,564,'img/vestido_novia8.jpg','https://i.pinimg.com/originals/b7/75/74/b77574c6ea786f502b16fff160fdd793.jpg');
Insert into DB_PINTEREST.TBL_FOTOS (CODIGO_FOTO,ALTO,ANCHO,URL_FOTO,SITIO_WEB) values (141,1158,564,'img/vestido_novia9.jpg','https://www.facebook.com/AmazingOutfits.page?ref=69486&');
Insert into DB_PINTEREST.TBL_FOTOS (CODIGO_FOTO,ALTO,ANCHO,URL_FOTO,SITIO_WEB) values (142,846,564,'img/vestido_novia10.jpg','http://theweddingofyour.life/ikerenwedding-womens-v-neck-a-line-lace-tulle-long-beach-wedding-dresses-for-bride-ivory-us12/');
Insert into DB_PINTEREST.TBL_FOTOS (CODIGO_FOTO,ALTO,ANCHO,URL_FOTO,SITIO_WEB) values (143,1519,564,'img/vestido_novia11.jpg','http://bellethemagazine.com/2017/05/wedding-dresses-milla-nova-2017.html');
Insert into DB_PINTEREST.TBL_FOTOS (CODIGO_FOTO,ALTO,ANCHO,URL_FOTO,SITIO_WEB) values (144,1676,564,'img/vestido_novia12.jpg','http://wedding-dresses.us/wedding-dresses/brides-com-dresses/?ProcessId=310396599305896131');
Insert into DB_PINTEREST.TBL_FOTOS (CODIGO_FOTO,ALTO,ANCHO,URL_FOTO,SITIO_WEB) values (145,1465,564,'img/vestido_novia13.jpg','http://myweddingguides.com/gallery/wedding-dress/');
Insert into DB_PINTEREST.TBL_FOTOS (CODIGO_FOTO,ALTO,ANCHO,URL_FOTO,SITIO_WEB) values (146,845,564,'img/anillo.jpg','http://ideastotry.com/round-halo-vintage-diamond-engagement-ring/');
Insert into DB_PINTEREST.TBL_FOTOS (CODIGO_FOTO,ALTO,ANCHO,URL_FOTO,SITIO_WEB) values (147,290,290,'img/anillo2.jpg','http://www.weddedwonderland.com/the-ring-size-apps-you-need-if-youre-getting-engaged/');
Insert into DB_PINTEREST.TBL_FOTOS (CODIGO_FOTO,ALTO,ANCHO,URL_FOTO,SITIO_WEB) values (148,845,564,'img/anillo3.jpg','http://marketplacejewelers.net/product-category/engagement-rings/infinity-engagement-rings/');
Insert into DB_PINTEREST.TBL_FOTOS (CODIGO_FOTO,ALTO,ANCHO,URL_FOTO,SITIO_WEB) values (149,845,564,'img/anillo4.jpg','http://marketplacejewelers.net/product-category/engagement-rings/infinity-engagement-rings/');
Insert into DB_PINTEREST.TBL_FOTOS (CODIGO_FOTO,ALTO,ANCHO,URL_FOTO,SITIO_WEB) values (150,1269,564,'img/anillo5.jpg','https://www.facebook.com/AmazingOutfits.page?ref=71080&');
Insert into DB_PINTEREST.TBL_FOTOS (CODIGO_FOTO,ALTO,ANCHO,URL_FOTO,SITIO_WEB) values (151,564,564,'img/anillo6.jpg','https://www.instagram.com/p/BP6ICWgh4kq/');
Insert into DB_PINTEREST.TBL_FOTOS (CODIGO_FOTO,ALTO,ANCHO,URL_FOTO,SITIO_WEB) values (152,355,474,'img/anillo7.jpg','https://www.bbbgem.com/0-5-carat-round-moissanite-engagement-ring-diamond-14k-rose-gold-three-stone-stacking-band/');
Insert into DB_PINTEREST.TBL_FOTOS (CODIGO_FOTO,ALTO,ANCHO,URL_FOTO,SITIO_WEB) values (153,2285,500,'img/anillo8.jpg','https://www.gabrielny.com/engagement-ring/ER12337R6T44JJ?crlt.pid=camp.GAilFlGcHHEo');
Insert into DB_PINTEREST.TBL_FOTOS (CODIGO_FOTO,ALTO,ANCHO,URL_FOTO,SITIO_WEB) values (154,564,564,'img/anillo9.jpg','https://viscawedding.com/2017/06/12/62-stunning-simple-engagement-rings-every-women-wants/simple-engagement-rings-that-every-women-wants-48/');
Insert into DB_PINTEREST.TBL_FOTOS (CODIGO_FOTO,ALTO,ANCHO,URL_FOTO,SITIO_WEB) values (155,564,564,'img/anillo10.jpg','https://www.etsy.com/listing/493819072/14k-vintage-rose-gold-engagement-ring');
Insert into DB_PINTEREST.TBL_FOTOS (CODIGO_FOTO,ALTO,ANCHO,URL_FOTO,SITIO_WEB) values (156,985,345,'img/escultura.jpg','https://www.saatchiart.com/sculpture/abstract?page=10');
Insert into DB_PINTEREST.TBL_FOTOS (CODIGO_FOTO,ALTO,ANCHO,URL_FOTO,SITIO_WEB) values (157,629,500,'img/escultura2.jpg','http://www.stroemplecollection.com/dale-chihuly-venetians/');
Insert into DB_PINTEREST.TBL_FOTOS (CODIGO_FOTO,ALTO,ANCHO,URL_FOTO,SITIO_WEB) values (158,311,249,'img/escultura3.jpg',null);
Insert into DB_PINTEREST.TBL_FOTOS (CODIGO_FOTO,ALTO,ANCHO,URL_FOTO,SITIO_WEB) values (159,383,247,'img/escultura4.jpg',null);
Insert into DB_PINTEREST.TBL_FOTOS (CODIGO_FOTO,ALTO,ANCHO,URL_FOTO,SITIO_WEB) values (160,600,532,'img/escultura5.jpg',null);
Insert into DB_PINTEREST.TBL_FOTOS (CODIGO_FOTO,ALTO,ANCHO,URL_FOTO,SITIO_WEB) values (161,406,474,'img/escultura6.jpg',null);
Insert into DB_PINTEREST.TBL_FOTOS (CODIGO_FOTO,ALTO,ANCHO,URL_FOTO,SITIO_WEB) values (162,400,400,'img/escultura7.jpg','https://www.artstation.com/artwork/znEJZ');
Insert into DB_PINTEREST.TBL_FOTOS (CODIGO_FOTO,ALTO,ANCHO,URL_FOTO,SITIO_WEB) values (163,360,236,'img/escultura8.jpg',null);
Insert into DB_PINTEREST.TBL_FOTOS (CODIGO_FOTO,ALTO,ANCHO,URL_FOTO,SITIO_WEB) values (164,711,474,'img/escultura9.jpg',null);
Insert into DB_PINTEREST.TBL_FOTOS (CODIGO_FOTO,ALTO,ANCHO,URL_FOTO,SITIO_WEB) values (165,244,206,'img/escultura10.jpg',null);
Insert into DB_PINTEREST.TBL_FOTOS (CODIGO_FOTO,ALTO,ANCHO,URL_FOTO,SITIO_WEB) values (166,500,348,'img/bellas_artes.jpg','https://www.flickr.com/photos/linchingche2537/11605559955/');
Insert into DB_PINTEREST.TBL_FOTOS (CODIGO_FOTO,ALTO,ANCHO,URL_FOTO,SITIO_WEB) values (167,500,391,'img/bellas_artes2.jpg','https://www.paintnite.com/events/red-tree-of-life-at-the-hong-kong-faneuil-hall-899221');
Insert into DB_PINTEREST.TBL_FOTOS (CODIGO_FOTO,ALTO,ANCHO,URL_FOTO,SITIO_WEB) values (168,729,474,'img/bellas_artes3.jpg ','https://i.pinimg.com/640x/3d/43/40/3d4340fb856419cd22226059144853ba.jpg');
Insert into DB_PINTEREST.TBL_FOTOS (CODIGO_FOTO,ALTO,ANCHO,URL_FOTO,SITIO_WEB) values (169,692,564,'img/bellas_artes4.jpg','https://vk.com/just_art1?z=photo-40836944_456244135/album-40836944_00/rev');
Insert into DB_PINTEREST.TBL_FOTOS (CODIGO_FOTO,ALTO,ANCHO,URL_FOTO,SITIO_WEB) values (170,751,564,'img/bellas_artes5.jpg','https://www.artsy.net/artwork/59f08532b202a34d92ec8dda');
REM INSERTING into DB_PINTEREST.TBL_GENERO
SET DEFINE OFF;
Insert into DB_PINTEREST.TBL_GENERO ("CODIGO_GENERO ","TIPO_GENERO ") values (1,'Masculino');
Insert into DB_PINTEREST.TBL_GENERO ("CODIGO_GENERO ","TIPO_GENERO ") values (2,'Femenino');
REM INSERTING into DB_PINTEREST.TBL_HISTORIAL
SET DEFINE OFF;
REM INSERTING into DB_PINTEREST.TBL_IDIOMA
SET DEFINE OFF;
Insert into DB_PINTEREST.TBL_IDIOMA (CODIGO_IDIOMA,NOMBRE_IDIOMA,ABREVIATURA) values (1,'Español','ES');
Insert into DB_PINTEREST.TBL_IDIOMA (CODIGO_IDIOMA,NOMBRE_IDIOMA,ABREVIATURA) values (2,'Ingles','IN');
Insert into DB_PINTEREST.TBL_IDIOMA (CODIGO_IDIOMA,NOMBRE_IDIOMA,ABREVIATURA) values (3,'Frances','RF');
Insert into DB_PINTEREST.TBL_IDIOMA (CODIGO_IDIOMA,NOMBRE_IDIOMA,ABREVIATURA) values (4,'Italiano','IT');
Insert into DB_PINTEREST.TBL_IDIOMA (CODIGO_IDIOMA,NOMBRE_IDIOMA,ABREVIATURA) values (5,'Aleman','AL');
REM INSERTING into DB_PINTEREST.TBL_LUGAR
SET DEFINE OFF;
Insert into DB_PINTEREST.TBL_LUGAR ("CODIGO_LUGAR ",CODIGO_LUGAR_PADRE,"NOMBRE_LUGAR ","LATITUD ","LONGITUD ","INICIALES ") values (1,null,'Honduras',15,-87,'HON');
Insert into DB_PINTEREST.TBL_LUGAR ("CODIGO_LUGAR ",CODIGO_LUGAR_PADRE,"NOMBRE_LUGAR ","LATITUD ","LONGITUD ","INICIALES ") values (2,1,'Franscisco Morazán',14,-87,'FRA_MZN');
Insert into DB_PINTEREST.TBL_LUGAR ("CODIGO_LUGAR ",CODIGO_LUGAR_PADRE,"NOMBRE_LUGAR ","LATITUD ","LONGITUD ","INICIALES ") values (3,2,'Tegucigalpa',14,-87,'TEG');
Insert into DB_PINTEREST.TBL_LUGAR ("CODIGO_LUGAR ",CODIGO_LUGAR_PADRE,"NOMBRE_LUGAR ","LATITUD ","LONGITUD ","INICIALES ") values (4,null,'Estados Unidos',38,-97,'EUA');
Insert into DB_PINTEREST.TBL_LUGAR ("CODIGO_LUGAR ",CODIGO_LUGAR_PADRE,"NOMBRE_LUGAR ","LATITUD ","LONGITUD ","INICIALES ") values (5,4,'California',37,-119,'CAL');
Insert into DB_PINTEREST.TBL_LUGAR ("CODIGO_LUGAR ",CODIGO_LUGAR_PADRE,"NOMBRE_LUGAR ","LATITUD ","LONGITUD ","INICIALES ") values (6,5,'Silicon Valley',37,-122,'SVA');
REM INSERTING into DB_PINTEREST.TBL_MENSAJE
SET DEFINE OFF;
REM INSERTING into DB_PINTEREST.TBL_NOTIFICACION
SET DEFINE OFF;
REM INSERTING into DB_PINTEREST.TBL_NOTIFICACIONES_X_PINES
SET DEFINE OFF;
REM INSERTING into DB_PINTEREST.TBL_NOTIFICACIONES_X_TABLERO
SET DEFINE OFF;
REM INSERTING into DB_PINTEREST.TBL_NOTIFI_X_COMENTARIO
SET DEFINE OFF;
REM INSERTING into DB_PINTEREST.TBL_PERSONA
SET DEFINE OFF;
Insert into DB_PINTEREST.TBL_PERSONA (CODIGO_PERSONA,"APELLIDO ","FECHA_NACIMIENTO ") values (1,'Ramirez',to_date('12-NOV-96','DD-MON-RR'));
Insert into DB_PINTEREST.TBL_PERSONA (CODIGO_PERSONA,"APELLIDO ","FECHA_NACIMIENTO ") values (2,'Smith',to_date('06-JUL-92','DD-MON-RR'));
REM INSERTING into DB_PINTEREST.TBL_PINES
SET DEFINE OFF;
REM INSERTING into DB_PINTEREST.TBL_REDES_SOCIALES
SET DEFINE OFF;
Insert into DB_PINTEREST.TBL_REDES_SOCIALES ("CODIGO_RED_SOCIAL ","NOMBRE_RED ") values (1,'Facebook');
Insert into DB_PINTEREST.TBL_REDES_SOCIALES ("CODIGO_RED_SOCIAL ","NOMBRE_RED ") values (2,'Twitter');
Insert into DB_PINTEREST.TBL_REDES_SOCIALES ("CODIGO_RED_SOCIAL ","NOMBRE_RED ") values (3,'Google+');
REM INSERTING into DB_PINTEREST.TBL_REDES_X_USUARIO
SET DEFINE OFF;
REM INSERTING into DB_PINTEREST.TBL_SEGUIDORES_X_CATEGORIA
SET DEFINE OFF;
REM INSERTING into DB_PINTEREST.TBL_SEGUIDORES_X_TABLEERO
SET DEFINE OFF;
REM INSERTING into DB_PINTEREST.TBL_SEGUIDORES_X_USUARIO
SET DEFINE OFF;
REM INSERTING into DB_PINTEREST.TBL_TABLERO
SET DEFINE OFF;
REM INSERTING into DB_PINTEREST.TBL_TABLERO_X_CATEGORIA
SET DEFINE OFF;
REM INSERTING into DB_PINTEREST.TBL_TABLERO_X_USUARIO
SET DEFINE OFF;
REM INSERTING into DB_PINTEREST.TBL_TIPO_DENUNCIA
SET DEFINE OFF;
REM INSERTING into DB_PINTEREST.TBL_TIPO_EMPRESA
SET DEFINE OFF;
REM INSERTING into DB_PINTEREST.TBL_TIPO_NOTIFICACION
SET DEFINE OFF;
REM INSERTING into DB_PINTEREST.TBL_TIPO_TABLERO
SET DEFINE OFF;
REM INSERTING into DB_PINTEREST.TBL_TIPO_USUARIO
SET DEFINE OFF;
Insert into DB_PINTEREST.TBL_TIPO_USUARIO ("CODIGO_TIPO_USUARIO ","NOMBRE TIPO ") values (1,'Administrador');
Insert into DB_PINTEREST.TBL_TIPO_USUARIO ("CODIGO_TIPO_USUARIO ","NOMBRE TIPO ") values (2,'Empresario');
Insert into DB_PINTEREST.TBL_TIPO_USUARIO ("CODIGO_TIPO_USUARIO ","NOMBRE TIPO ") values (3,'Normal');
REM INSERTING into DB_PINTEREST.TBL_USUARIO
SET DEFINE OFF;
Insert into DB_PINTEREST.TBL_USUARIO (CODIGO_USUARIO,"CODIGO_LUGAR ","CODIGO_TIPO_USUARIO ","CODIGO_GENERO ",CODIGO_FOTO,CODIGO_IDIOMA,"ALIAS ","NOMBRE ","CONTRASENIA ","CORREO ",TELEFONO) values (1,3,3,1,2,1,'Rick','Cesar','asd.456','cesar12@gmail.com','+5049856321');
Insert into DB_PINTEREST.TBL_USUARIO (CODIGO_USUARIO,"CODIGO_LUGAR ","CODIGO_TIPO_USUARIO ","CODIGO_GENERO ",CODIGO_FOTO,CODIGO_IDIOMA,"ALIAS ","NOMBRE ","CONTRASENIA ","CORREO ",TELEFONO) values (2,6,1,1,1,2,'chas!','Charles','asd.456','caswow92@outlock.com','+180055596328');
Insert into DB_PINTEREST.TBL_USUARIO (CODIGO_USUARIO,"CODIGO_LUGAR ","CODIGO_TIPO_USUARIO ","CODIGO_GENERO ",CODIGO_FOTO,CODIGO_IDIOMA,"ALIAS ","NOMBRE ","CONTRASENIA ","CORREO ",TELEFONO) values (3,3,1,1,3,1,'Mike','Michael','hola1','mike@gmail.com','+50499600034');
--------------------------------------------------------
--  DDL for Index BANDEJA_PK
--------------------------------------------------------

  CREATE UNIQUE INDEX "DB_PINTEREST"."BANDEJA_PK" ON "DB_PINTEREST"."TBL_CORREO" ("CODIGO_CORREO") 
  PCTFREE 10 INITRANS 2 MAXTRANS 255 COMPUTE STATISTICS 
  STORAGE(INITIAL 65536 NEXT 1048576 MINEXTENTS 1 MAXEXTENTS 2147483645
  PCTINCREASE 0 FREELISTS 1 FREELIST GROUPS 1 BUFFER_POOL DEFAULT FLASH_CACHE DEFAULT CELL_FLASH_CACHE DEFAULT)
  TABLESPACE "USERS" ;
--------------------------------------------------------
--  DDL for Index TBL_BLOG_PK
--------------------------------------------------------

  CREATE UNIQUE INDEX "DB_PINTEREST"."TBL_BLOG_PK" ON "DB_PINTEREST"."TBL_BLOG" ("CODIGO_PUBLICACION") 
  PCTFREE 10 INITRANS 2 MAXTRANS 255 COMPUTE STATISTICS 
  STORAGE(INITIAL 65536 NEXT 1048576 MINEXTENTS 1 MAXEXTENTS 2147483645
  PCTINCREASE 0 FREELISTS 1 FREELIST GROUPS 1 BUFFER_POOL DEFAULT FLASH_CACHE DEFAULT CELL_FLASH_CACHE DEFAULT)
  TABLESPACE "USERS" ;
--------------------------------------------------------
--  DDL for Index TBL_CATEGORIAS_PK
--------------------------------------------------------

  CREATE UNIQUE INDEX "DB_PINTEREST"."TBL_CATEGORIAS_PK" ON "DB_PINTEREST"."TBL_CATEGORIAS" ("CODIGO_CATEGORIA ") 
  PCTFREE 10 INITRANS 2 MAXTRANS 255 COMPUTE STATISTICS 
  STORAGE(INITIAL 65536 NEXT 1048576 MINEXTENTS 1 MAXEXTENTS 2147483645
  PCTINCREASE 0 FREELISTS 1 FREELIST GROUPS 1 BUFFER_POOL DEFAULT FLASH_CACHE DEFAULT CELL_FLASH_CACHE DEFAULT)
  TABLESPACE "USERS" ;
--------------------------------------------------------
--  DDL for Index TBL_CHAT_PK
--------------------------------------------------------

  CREATE UNIQUE INDEX "DB_PINTEREST"."TBL_CHAT_PK" ON "DB_PINTEREST"."TBL_MENSAJE" ("CODIGO_MENSAJE") 
  PCTFREE 10 INITRANS 2 MAXTRANS 255 COMPUTE STATISTICS 
  STORAGE(INITIAL 65536 NEXT 1048576 MINEXTENTS 1 MAXEXTENTS 2147483645
  PCTINCREASE 0 FREELISTS 1 FREELIST GROUPS 1 BUFFER_POOL DEFAULT FLASH_CACHE DEFAULT CELL_FLASH_CACHE DEFAULT)
  TABLESPACE "USERS" ;
--------------------------------------------------------
--  DDL for Index TBL_CHAT_X_USUARIO_PK
--------------------------------------------------------

  CREATE UNIQUE INDEX "DB_PINTEREST"."TBL_CHAT_X_USUARIO_PK" ON "DB_PINTEREST"."TBL_CHAT_X_USUARIO" ("CODIGO_USUARIO", "CODIGO_USUARIO_DESTINO", "CODIGO_MENSAJE") 
  PCTFREE 10 INITRANS 2 MAXTRANS 255 COMPUTE STATISTICS 
  STORAGE(INITIAL 65536 NEXT 1048576 MINEXTENTS 1 MAXEXTENTS 2147483645
  PCTINCREASE 0 FREELISTS 1 FREELIST GROUPS 1 BUFFER_POOL DEFAULT FLASH_CACHE DEFAULT CELL_FLASH_CACHE DEFAULT)
  TABLESPACE "USERS" ;
--------------------------------------------------------
--  DDL for Index TBL_COMENTARIO_PK
--------------------------------------------------------

  CREATE UNIQUE INDEX "DB_PINTEREST"."TBL_COMENTARIO_PK" ON "DB_PINTEREST"."TBL_COMENTARIO" ("CODIGO_COMENTARIO ") 
  PCTFREE 10 INITRANS 2 MAXTRANS 255 COMPUTE STATISTICS 
  STORAGE(INITIAL 65536 NEXT 1048576 MINEXTENTS 1 MAXEXTENTS 2147483645
  PCTINCREASE 0 FREELISTS 1 FREELIST GROUPS 1 BUFFER_POOL DEFAULT FLASH_CACHE DEFAULT CELL_FLASH_CACHE DEFAULT)
  TABLESPACE "USERS" ;
--------------------------------------------------------
--  DDL for Index TBL_CORREO_X_USUARIO_PK
--------------------------------------------------------

  CREATE UNIQUE INDEX "DB_PINTEREST"."TBL_CORREO_X_USUARIO_PK" ON "DB_PINTEREST"."TBL_CORREO_X_USUARIO" ("CODIGO_USUARIO", "CODIGO_USUARIO_DESTINO", "CODIGO_CORREO") 
  PCTFREE 10 INITRANS 2 MAXTRANS 255 COMPUTE STATISTICS 
  STORAGE(INITIAL 65536 NEXT 1048576 MINEXTENTS 1 MAXEXTENTS 2147483645
  PCTINCREASE 0 FREELISTS 1 FREELIST GROUPS 1 BUFFER_POOL DEFAULT FLASH_CACHE DEFAULT CELL_FLASH_CACHE DEFAULT)
  TABLESPACE "USERS" ;
--------------------------------------------------------
--  DDL for Index TBL_DETUNCIA_X_COMENTARIO_PK
--------------------------------------------------------

  CREATE UNIQUE INDEX "DB_PINTEREST"."TBL_DETUNCIA_X_COMENTARIO_PK" ON "DB_PINTEREST"."TBL_DETUNCIA_X_COMENTARIO" ("CODIGO_USUARIO", "CODIGO_COMENTARIO ", "CODIGO_DENUNCIA ") 
  PCTFREE 10 INITRANS 2 MAXTRANS 255 COMPUTE STATISTICS 
  STORAGE(INITIAL 65536 NEXT 1048576 MINEXTENTS 1 MAXEXTENTS 2147483645
  PCTINCREASE 0 FREELISTS 1 FREELIST GROUPS 1 BUFFER_POOL DEFAULT FLASH_CACHE DEFAULT CELL_FLASH_CACHE DEFAULT)
  TABLESPACE "USERS" ;
--------------------------------------------------------
--  DDL for Index TBL_DETUNCIA_X_PIN_PK
--------------------------------------------------------

  CREATE UNIQUE INDEX "DB_PINTEREST"."TBL_DETUNCIA_X_PIN_PK" ON "DB_PINTEREST"."TBL_DETUNCIA_X_TABLERO" ("CODIGO_DENUNCIA ", "CODIGO_TABLERO ", "CODIGO_USUARIO") 
  PCTFREE 10 INITRANS 2 MAXTRANS 255 COMPUTE STATISTICS 
  STORAGE(INITIAL 65536 NEXT 1048576 MINEXTENTS 1 MAXEXTENTS 2147483645
  PCTINCREASE 0 FREELISTS 1 FREELIST GROUPS 1 BUFFER_POOL DEFAULT FLASH_CACHE DEFAULT CELL_FLASH_CACHE DEFAULT)
  TABLESPACE "USERS" ;
--------------------------------------------------------
--  DDL for Index TBL_DETUNCIA_X_TABLERO_PK
--------------------------------------------------------

  CREATE UNIQUE INDEX "DB_PINTEREST"."TBL_DETUNCIA_X_TABLERO_PK" ON "DB_PINTEREST"."TBL_DETUNCIA_X_PIN" ("CODIGO_DENUNCIA ", "CODIGO_PINES ", "CODIGO_USUARIO") 
  PCTFREE 10 INITRANS 2 MAXTRANS 255 COMPUTE STATISTICS 
  STORAGE(INITIAL 65536 NEXT 1048576 MINEXTENTS 1 MAXEXTENTS 2147483645
  PCTINCREASE 0 FREELISTS 1 FREELIST GROUPS 1 BUFFER_POOL DEFAULT FLASH_CACHE DEFAULT CELL_FLASH_CACHE DEFAULT)
  TABLESPACE "USERS" ;
--------------------------------------------------------
--  DDL for Index TBL_DETUNCIA_X_USUARIO_PK
--------------------------------------------------------

  CREATE UNIQUE INDEX "DB_PINTEREST"."TBL_DETUNCIA_X_USUARIO_PK" ON "DB_PINTEREST"."TBL_DETUNCIA_X_USUARIO" ("CODIGO_USUARIO", "CODIGO_USUARIO_DENUNCIADO", "CODIGO_DENUNCIA ") 
  PCTFREE 10 INITRANS 2 MAXTRANS 255 COMPUTE STATISTICS 
  STORAGE(INITIAL 65536 NEXT 1048576 MINEXTENTS 1 MAXEXTENTS 2147483645
  PCTINCREASE 0 FREELISTS 1 FREELIST GROUPS 1 BUFFER_POOL DEFAULT FLASH_CACHE DEFAULT CELL_FLASH_CACHE DEFAULT)
  TABLESPACE "USERS" ;
--------------------------------------------------------
--  DDL for Index TBL_EMPRESA_PK
--------------------------------------------------------

  CREATE UNIQUE INDEX "DB_PINTEREST"."TBL_EMPRESA_PK" ON "DB_PINTEREST"."TBL_EMPRESA" ("CODIGO_EMPRESA") 
  PCTFREE 10 INITRANS 2 MAXTRANS 255 COMPUTE STATISTICS 
  STORAGE(INITIAL 65536 NEXT 1048576 MINEXTENTS 1 MAXEXTENTS 2147483645
  PCTINCREASE 0 FREELISTS 1 FREELIST GROUPS 1 BUFFER_POOL DEFAULT FLASH_CACHE DEFAULT CELL_FLASH_CACHE DEFAULT)
  TABLESPACE "USERS" ;
--------------------------------------------------------
--  DDL for Index TBL_FOTOS_PK
--------------------------------------------------------

  CREATE UNIQUE INDEX "DB_PINTEREST"."TBL_FOTOS_PK" ON "DB_PINTEREST"."TBL_FOTOS" ("CODIGO_FOTO") 
  PCTFREE 10 INITRANS 2 MAXTRANS 255 COMPUTE STATISTICS 
  STORAGE(INITIAL 65536 NEXT 1048576 MINEXTENTS 1 MAXEXTENTS 2147483645
  PCTINCREASE 0 FREELISTS 1 FREELIST GROUPS 1 BUFFER_POOL DEFAULT FLASH_CACHE DEFAULT CELL_FLASH_CACHE DEFAULT)
  TABLESPACE "USERS" ;
--------------------------------------------------------
--  DDL for Index TBL_GENERO_PK
--------------------------------------------------------

  CREATE UNIQUE INDEX "DB_PINTEREST"."TBL_GENERO_PK" ON "DB_PINTEREST"."TBL_GENERO" ("CODIGO_GENERO ") 
  PCTFREE 10 INITRANS 2 MAXTRANS 255 COMPUTE STATISTICS 
  STORAGE(INITIAL 65536 NEXT 1048576 MINEXTENTS 1 MAXEXTENTS 2147483645
  PCTINCREASE 0 FREELISTS 1 FREELIST GROUPS 1 BUFFER_POOL DEFAULT FLASH_CACHE DEFAULT CELL_FLASH_CACHE DEFAULT)
  TABLESPACE "USERS" ;
--------------------------------------------------------
--  DDL for Index TBL_HISTORIAL_PK
--------------------------------------------------------

  CREATE UNIQUE INDEX "DB_PINTEREST"."TBL_HISTORIAL_PK" ON "DB_PINTEREST"."TBL_HISTORIAL" ("CODIGO_HISTORIAL") 
  PCTFREE 10 INITRANS 2 MAXTRANS 255 COMPUTE STATISTICS 
  STORAGE(INITIAL 65536 NEXT 1048576 MINEXTENTS 1 MAXEXTENTS 2147483645
  PCTINCREASE 0 FREELISTS 1 FREELIST GROUPS 1 BUFFER_POOL DEFAULT FLASH_CACHE DEFAULT CELL_FLASH_CACHE DEFAULT)
  TABLESPACE "USERS" ;
--------------------------------------------------------
--  DDL for Index TBL_IDIOMA_PK
--------------------------------------------------------

  CREATE UNIQUE INDEX "DB_PINTEREST"."TBL_IDIOMA_PK" ON "DB_PINTEREST"."TBL_IDIOMA" ("CODIGO_IDIOMA") 
  PCTFREE 10 INITRANS 2 MAXTRANS 255 COMPUTE STATISTICS 
  STORAGE(INITIAL 65536 NEXT 1048576 MINEXTENTS 1 MAXEXTENTS 2147483645
  PCTINCREASE 0 FREELISTS 1 FREELIST GROUPS 1 BUFFER_POOL DEFAULT FLASH_CACHE DEFAULT CELL_FLASH_CACHE DEFAULT)
  TABLESPACE "USERS" ;
--------------------------------------------------------
--  DDL for Index TBL_LUGAR_PK
--------------------------------------------------------

  CREATE UNIQUE INDEX "DB_PINTEREST"."TBL_LUGAR_PK" ON "DB_PINTEREST"."TBL_LUGAR" ("CODIGO_LUGAR ") 
  PCTFREE 10 INITRANS 2 MAXTRANS 255 COMPUTE STATISTICS 
  STORAGE(INITIAL 65536 NEXT 1048576 MINEXTENTS 1 MAXEXTENTS 2147483645
  PCTINCREASE 0 FREELISTS 1 FREELIST GROUPS 1 BUFFER_POOL DEFAULT FLASH_CACHE DEFAULT CELL_FLASH_CACHE DEFAULT)
  TABLESPACE "USERS" ;
--------------------------------------------------------
--  DDL for Index TBL_NOTIFICACION_PK
--------------------------------------------------------

  CREATE UNIQUE INDEX "DB_PINTEREST"."TBL_NOTIFICACION_PK" ON "DB_PINTEREST"."TBL_NOTIFICACION" ("CODIGO_NOTIFICACIONES ") 
  PCTFREE 10 INITRANS 2 MAXTRANS 255 COMPUTE STATISTICS 
  STORAGE(INITIAL 65536 NEXT 1048576 MINEXTENTS 1 MAXEXTENTS 2147483645
  PCTINCREASE 0 FREELISTS 1 FREELIST GROUPS 1 BUFFER_POOL DEFAULT FLASH_CACHE DEFAULT CELL_FLASH_CACHE DEFAULT)
  TABLESPACE "USERS" ;
--------------------------------------------------------
--  DDL for Index TBL_PERSONA_PK
--------------------------------------------------------

  CREATE UNIQUE INDEX "DB_PINTEREST"."TBL_PERSONA_PK" ON "DB_PINTEREST"."TBL_PERSONA" ("CODIGO_PERSONA") 
  PCTFREE 10 INITRANS 2 MAXTRANS 255 COMPUTE STATISTICS 
  STORAGE(INITIAL 65536 NEXT 1048576 MINEXTENTS 1 MAXEXTENTS 2147483645
  PCTINCREASE 0 FREELISTS 1 FREELIST GROUPS 1 BUFFER_POOL DEFAULT FLASH_CACHE DEFAULT CELL_FLASH_CACHE DEFAULT)
  TABLESPACE "USERS" ;
--------------------------------------------------------
--  DDL for Index TBL_PINES_PK
--------------------------------------------------------

  CREATE UNIQUE INDEX "DB_PINTEREST"."TBL_PINES_PK" ON "DB_PINTEREST"."TBL_PINES" ("CODIGO_PINES ") 
  PCTFREE 10 INITRANS 2 MAXTRANS 255 COMPUTE STATISTICS 
  STORAGE(INITIAL 65536 NEXT 1048576 MINEXTENTS 1 MAXEXTENTS 2147483645
  PCTINCREASE 0 FREELISTS 1 FREELIST GROUPS 1 BUFFER_POOL DEFAULT FLASH_CACHE DEFAULT CELL_FLASH_CACHE DEFAULT)
  TABLESPACE "USERS" ;
--------------------------------------------------------
--  DDL for Index TBL_REDES_SOCIALES_PK
--------------------------------------------------------

  CREATE UNIQUE INDEX "DB_PINTEREST"."TBL_REDES_SOCIALES_PK" ON "DB_PINTEREST"."TBL_REDES_SOCIALES" ("CODIGO_RED_SOCIAL ") 
  PCTFREE 10 INITRANS 2 MAXTRANS 255 COMPUTE STATISTICS 
  STORAGE(INITIAL 65536 NEXT 1048576 MINEXTENTS 1 MAXEXTENTS 2147483645
  PCTINCREASE 0 FREELISTS 1 FREELIST GROUPS 1 BUFFER_POOL DEFAULT FLASH_CACHE DEFAULT CELL_FLASH_CACHE DEFAULT)
  TABLESPACE "USERS" ;
--------------------------------------------------------
--  DDL for Index TBL_SEGUIDORES_X_TABLEERO_PK
--------------------------------------------------------

  CREATE UNIQUE INDEX "DB_PINTEREST"."TBL_SEGUIDORES_X_TABLEERO_PK" ON "DB_PINTEREST"."TBL_SEGUIDORES_X_TABLEERO" ("CODIGO_USUARIO", "CODIGO_TABLERO ") 
  PCTFREE 10 INITRANS 2 MAXTRANS 255 COMPUTE STATISTICS 
  STORAGE(INITIAL 65536 NEXT 1048576 MINEXTENTS 1 MAXEXTENTS 2147483645
  PCTINCREASE 0 FREELISTS 1 FREELIST GROUPS 1 BUFFER_POOL DEFAULT FLASH_CACHE DEFAULT CELL_FLASH_CACHE DEFAULT)
  TABLESPACE "USERS" ;
--------------------------------------------------------
--  DDL for Index TBL_TABLERO_PK
--------------------------------------------------------

  CREATE UNIQUE INDEX "DB_PINTEREST"."TBL_TABLERO_PK" ON "DB_PINTEREST"."TBL_TABLERO" ("CODIGO_TABLERO ") 
  PCTFREE 10 INITRANS 2 MAXTRANS 255 COMPUTE STATISTICS 
  STORAGE(INITIAL 65536 NEXT 1048576 MINEXTENTS 1 MAXEXTENTS 2147483645
  PCTINCREASE 0 FREELISTS 1 FREELIST GROUPS 1 BUFFER_POOL DEFAULT FLASH_CACHE DEFAULT CELL_FLASH_CACHE DEFAULT)
  TABLESPACE "USERS" ;
--------------------------------------------------------
--  DDL for Index TBL_TABLERO_X_USUARIO_PK
--------------------------------------------------------

  CREATE UNIQUE INDEX "DB_PINTEREST"."TBL_TABLERO_X_USUARIO_PK" ON "DB_PINTEREST"."TBL_TABLERO_X_USUARIO" ("CODIGO_USUARIO", "CODIGO_TABLERO ") 
  PCTFREE 10 INITRANS 2 MAXTRANS 255 COMPUTE STATISTICS 
  STORAGE(INITIAL 65536 NEXT 1048576 MINEXTENTS 1 MAXEXTENTS 2147483645
  PCTINCREASE 0 FREELISTS 1 FREELIST GROUPS 1 BUFFER_POOL DEFAULT FLASH_CACHE DEFAULT CELL_FLASH_CACHE DEFAULT)
  TABLESPACE "USERS" ;
--------------------------------------------------------
--  DDL for Index TBL_TIPO_DENUNCIA_PK
--------------------------------------------------------

  CREATE UNIQUE INDEX "DB_PINTEREST"."TBL_TIPO_DENUNCIA_PK" ON "DB_PINTEREST"."TBL_TIPO_DENUNCIA" ("CODIGO_DENUNCIA ") 
  PCTFREE 10 INITRANS 2 MAXTRANS 255 COMPUTE STATISTICS 
  STORAGE(INITIAL 65536 NEXT 1048576 MINEXTENTS 1 MAXEXTENTS 2147483645
  PCTINCREASE 0 FREELISTS 1 FREELIST GROUPS 1 BUFFER_POOL DEFAULT FLASH_CACHE DEFAULT CELL_FLASH_CACHE DEFAULT)
  TABLESPACE "USERS" ;
--------------------------------------------------------
--  DDL for Index TBL_TIPO_EMPRESA_PK
--------------------------------------------------------

  CREATE UNIQUE INDEX "DB_PINTEREST"."TBL_TIPO_EMPRESA_PK" ON "DB_PINTEREST"."TBL_TIPO_EMPRESA" ("CODIGO_TIPO_EMPRESA ") 
  PCTFREE 10 INITRANS 2 MAXTRANS 255 COMPUTE STATISTICS 
  STORAGE(INITIAL 65536 NEXT 1048576 MINEXTENTS 1 MAXEXTENTS 2147483645
  PCTINCREASE 0 FREELISTS 1 FREELIST GROUPS 1 BUFFER_POOL DEFAULT FLASH_CACHE DEFAULT CELL_FLASH_CACHE DEFAULT)
  TABLESPACE "USERS" ;
--------------------------------------------------------
--  DDL for Index TBL_TIPO_NOTIFICACION_PK
--------------------------------------------------------

  CREATE UNIQUE INDEX "DB_PINTEREST"."TBL_TIPO_NOTIFICACION_PK" ON "DB_PINTEREST"."TBL_TIPO_NOTIFICACION" ("CODIGO_TIPO_NOTIFICACION ") 
  PCTFREE 10 INITRANS 2 MAXTRANS 255 COMPUTE STATISTICS 
  STORAGE(INITIAL 65536 NEXT 1048576 MINEXTENTS 1 MAXEXTENTS 2147483645
  PCTINCREASE 0 FREELISTS 1 FREELIST GROUPS 1 BUFFER_POOL DEFAULT FLASH_CACHE DEFAULT CELL_FLASH_CACHE DEFAULT)
  TABLESPACE "USERS" ;
--------------------------------------------------------
--  DDL for Index TBL_TIPO_TABLERO_PK
--------------------------------------------------------

  CREATE UNIQUE INDEX "DB_PINTEREST"."TBL_TIPO_TABLERO_PK" ON "DB_PINTEREST"."TBL_TIPO_TABLERO" ("CODIGO_TIPO_TABLERO ") 
  PCTFREE 10 INITRANS 2 MAXTRANS 255 COMPUTE STATISTICS 
  STORAGE(INITIAL 65536 NEXT 1048576 MINEXTENTS 1 MAXEXTENTS 2147483645
  PCTINCREASE 0 FREELISTS 1 FREELIST GROUPS 1 BUFFER_POOL DEFAULT FLASH_CACHE DEFAULT CELL_FLASH_CACHE DEFAULT)
  TABLESPACE "USERS" ;
--------------------------------------------------------
--  DDL for Index TBL_TIPO_USUARIO_PK
--------------------------------------------------------

  CREATE UNIQUE INDEX "DB_PINTEREST"."TBL_TIPO_USUARIO_PK" ON "DB_PINTEREST"."TBL_TIPO_USUARIO" ("CODIGO_TIPO_USUARIO ") 
  PCTFREE 10 INITRANS 2 MAXTRANS 255 COMPUTE STATISTICS 
  STORAGE(INITIAL 65536 NEXT 1048576 MINEXTENTS 1 MAXEXTENTS 2147483645
  PCTINCREASE 0 FREELISTS 1 FREELIST GROUPS 1 BUFFER_POOL DEFAULT FLASH_CACHE DEFAULT CELL_FLASH_CACHE DEFAULT)
  TABLESPACE "USERS" ;
--------------------------------------------------------
--  DDL for Index TBL_USUARIO_PK
--------------------------------------------------------

  CREATE UNIQUE INDEX "DB_PINTEREST"."TBL_USUARIO_PK" ON "DB_PINTEREST"."TBL_USUARIO" ("CODIGO_USUARIO") 
  PCTFREE 10 INITRANS 2 MAXTRANS 255 COMPUTE STATISTICS 
  STORAGE(INITIAL 65536 NEXT 1048576 MINEXTENTS 1 MAXEXTENTS 2147483645
  PCTINCREASE 0 FREELISTS 1 FREELIST GROUPS 1 BUFFER_POOL DEFAULT FLASH_CACHE DEFAULT CELL_FLASH_CACHE DEFAULT)
  TABLESPACE "USERS" ;
--------------------------------------------------------
--  Constraints for Table TBL_BLOG
--------------------------------------------------------

  ALTER TABLE "DB_PINTEREST"."TBL_BLOG" ADD CONSTRAINT "TBL_BLOG_PK" PRIMARY KEY ("CODIGO_PUBLICACION")
  USING INDEX PCTFREE 10 INITRANS 2 MAXTRANS 255 COMPUTE STATISTICS 
  STORAGE(INITIAL 65536 NEXT 1048576 MINEXTENTS 1 MAXEXTENTS 2147483645
  PCTINCREASE 0 FREELISTS 1 FREELIST GROUPS 1 BUFFER_POOL DEFAULT FLASH_CACHE DEFAULT CELL_FLASH_CACHE DEFAULT)
  TABLESPACE "USERS"  ENABLE;
  ALTER TABLE "DB_PINTEREST"."TBL_BLOG" MODIFY ("CODIGO_USUARIO" NOT NULL ENABLE);
  ALTER TABLE "DB_PINTEREST"."TBL_BLOG" MODIFY ("CODIGO_PUBLICACION" NOT NULL ENABLE);
--------------------------------------------------------
--  Constraints for Table TBL_CATEGORIAS
--------------------------------------------------------

  ALTER TABLE "DB_PINTEREST"."TBL_CATEGORIAS" ADD CONSTRAINT "TBL_CATEGORIAS_PK" PRIMARY KEY ("CODIGO_CATEGORIA ")
  USING INDEX PCTFREE 10 INITRANS 2 MAXTRANS 255 COMPUTE STATISTICS 
  STORAGE(INITIAL 65536 NEXT 1048576 MINEXTENTS 1 MAXEXTENTS 2147483645
  PCTINCREASE 0 FREELISTS 1 FREELIST GROUPS 1 BUFFER_POOL DEFAULT FLASH_CACHE DEFAULT CELL_FLASH_CACHE DEFAULT)
  TABLESPACE "USERS"  ENABLE;
  ALTER TABLE "DB_PINTEREST"."TBL_CATEGORIAS" MODIFY ("CODIGO_USUARIO" NOT NULL ENABLE);
  ALTER TABLE "DB_PINTEREST"."TBL_CATEGORIAS" MODIFY ("CODIGO_CATEGORIA " NOT NULL ENABLE);
--------------------------------------------------------
--  Constraints for Table TBL_CHAT_X_USUARIO
--------------------------------------------------------

  ALTER TABLE "DB_PINTEREST"."TBL_CHAT_X_USUARIO" ADD CONSTRAINT "TBL_CHAT_X_USUARIO_PK" PRIMARY KEY ("CODIGO_USUARIO", "CODIGO_USUARIO_DESTINO", "CODIGO_MENSAJE")
  USING INDEX PCTFREE 10 INITRANS 2 MAXTRANS 255 COMPUTE STATISTICS 
  STORAGE(INITIAL 65536 NEXT 1048576 MINEXTENTS 1 MAXEXTENTS 2147483645
  PCTINCREASE 0 FREELISTS 1 FREELIST GROUPS 1 BUFFER_POOL DEFAULT FLASH_CACHE DEFAULT CELL_FLASH_CACHE DEFAULT)
  TABLESPACE "USERS"  ENABLE;
  ALTER TABLE "DB_PINTEREST"."TBL_CHAT_X_USUARIO" MODIFY ("CODIGO_MENSAJE" NOT NULL ENABLE);
  ALTER TABLE "DB_PINTEREST"."TBL_CHAT_X_USUARIO" MODIFY ("CODIGO_USUARIO_DESTINO" NOT NULL ENABLE);
  ALTER TABLE "DB_PINTEREST"."TBL_CHAT_X_USUARIO" MODIFY ("CODIGO_USUARIO" NOT NULL ENABLE);
--------------------------------------------------------
--  Constraints for Table TBL_COMENTARIO
--------------------------------------------------------

  ALTER TABLE "DB_PINTEREST"."TBL_COMENTARIO" ADD CONSTRAINT "TBL_COMENTARIO_PK" PRIMARY KEY ("CODIGO_COMENTARIO ")
  USING INDEX PCTFREE 10 INITRANS 2 MAXTRANS 255 COMPUTE STATISTICS 
  STORAGE(INITIAL 65536 NEXT 1048576 MINEXTENTS 1 MAXEXTENTS 2147483645
  PCTINCREASE 0 FREELISTS 1 FREELIST GROUPS 1 BUFFER_POOL DEFAULT FLASH_CACHE DEFAULT CELL_FLASH_CACHE DEFAULT)
  TABLESPACE "USERS"  ENABLE;
  ALTER TABLE "DB_PINTEREST"."TBL_COMENTARIO" MODIFY ("CODIGO_PINES " NOT NULL ENABLE);
  ALTER TABLE "DB_PINTEREST"."TBL_COMENTARIO" MODIFY ("CODIGO_USUARIO" NOT NULL ENABLE);
  ALTER TABLE "DB_PINTEREST"."TBL_COMENTARIO" MODIFY ("CODIGO_COMENTARIO " NOT NULL ENABLE);
--------------------------------------------------------
--  Constraints for Table TBL_CORREO
--------------------------------------------------------

  ALTER TABLE "DB_PINTEREST"."TBL_CORREO" ADD CONSTRAINT "BANDEJA_PK" PRIMARY KEY ("CODIGO_CORREO")
  USING INDEX PCTFREE 10 INITRANS 2 MAXTRANS 255 COMPUTE STATISTICS 
  STORAGE(INITIAL 65536 NEXT 1048576 MINEXTENTS 1 MAXEXTENTS 2147483645
  PCTINCREASE 0 FREELISTS 1 FREELIST GROUPS 1 BUFFER_POOL DEFAULT FLASH_CACHE DEFAULT CELL_FLASH_CACHE DEFAULT)
  TABLESPACE "USERS"  ENABLE;
  ALTER TABLE "DB_PINTEREST"."TBL_CORREO" MODIFY ("CODIGO_CORREO" NOT NULL ENABLE);
--------------------------------------------------------
--  Constraints for Table TBL_CORREO_X_USUARIO
--------------------------------------------------------

  ALTER TABLE "DB_PINTEREST"."TBL_CORREO_X_USUARIO" ADD CONSTRAINT "TBL_CORREO_X_USUARIO_PK" PRIMARY KEY ("CODIGO_USUARIO", "CODIGO_USUARIO_DESTINO", "CODIGO_CORREO")
  USING INDEX PCTFREE 10 INITRANS 2 MAXTRANS 255 COMPUTE STATISTICS 
  STORAGE(INITIAL 65536 NEXT 1048576 MINEXTENTS 1 MAXEXTENTS 2147483645
  PCTINCREASE 0 FREELISTS 1 FREELIST GROUPS 1 BUFFER_POOL DEFAULT FLASH_CACHE DEFAULT CELL_FLASH_CACHE DEFAULT)
  TABLESPACE "USERS"  ENABLE;
  ALTER TABLE "DB_PINTEREST"."TBL_CORREO_X_USUARIO" MODIFY ("CODIGO_CORREO" NOT NULL ENABLE);
  ALTER TABLE "DB_PINTEREST"."TBL_CORREO_X_USUARIO" MODIFY ("CODIGO_USUARIO_DESTINO" NOT NULL ENABLE);
  ALTER TABLE "DB_PINTEREST"."TBL_CORREO_X_USUARIO" MODIFY ("CODIGO_USUARIO" NOT NULL ENABLE);
--------------------------------------------------------
--  Constraints for Table TBL_DETUNCIA_X_COMENTARIO
--------------------------------------------------------

  ALTER TABLE "DB_PINTEREST"."TBL_DETUNCIA_X_COMENTARIO" ADD CONSTRAINT "TBL_DETUNCIA_X_COMENTARIO_PK" PRIMARY KEY ("CODIGO_USUARIO", "CODIGO_COMENTARIO ", "CODIGO_DENUNCIA ")
  USING INDEX PCTFREE 10 INITRANS 2 MAXTRANS 255 COMPUTE STATISTICS 
  STORAGE(INITIAL 65536 NEXT 1048576 MINEXTENTS 1 MAXEXTENTS 2147483645
  PCTINCREASE 0 FREELISTS 1 FREELIST GROUPS 1 BUFFER_POOL DEFAULT FLASH_CACHE DEFAULT CELL_FLASH_CACHE DEFAULT)
  TABLESPACE "USERS"  ENABLE;
  ALTER TABLE "DB_PINTEREST"."TBL_DETUNCIA_X_COMENTARIO" MODIFY ("CODIGO_DENUNCIA " NOT NULL ENABLE);
  ALTER TABLE "DB_PINTEREST"."TBL_DETUNCIA_X_COMENTARIO" MODIFY ("CODIGO_COMENTARIO " NOT NULL ENABLE);
  ALTER TABLE "DB_PINTEREST"."TBL_DETUNCIA_X_COMENTARIO" MODIFY ("CODIGO_USUARIO" NOT NULL ENABLE);
--------------------------------------------------------
--  Constraints for Table TBL_DETUNCIA_X_PIN
--------------------------------------------------------

  ALTER TABLE "DB_PINTEREST"."TBL_DETUNCIA_X_PIN" ADD CONSTRAINT "TBL_DETUNCIA_X_TABLERO_PK" PRIMARY KEY ("CODIGO_DENUNCIA ", "CODIGO_PINES ", "CODIGO_USUARIO")
  USING INDEX PCTFREE 10 INITRANS 2 MAXTRANS 255 COMPUTE STATISTICS 
  STORAGE(INITIAL 65536 NEXT 1048576 MINEXTENTS 1 MAXEXTENTS 2147483645
  PCTINCREASE 0 FREELISTS 1 FREELIST GROUPS 1 BUFFER_POOL DEFAULT FLASH_CACHE DEFAULT CELL_FLASH_CACHE DEFAULT)
  TABLESPACE "USERS"  ENABLE;
  ALTER TABLE "DB_PINTEREST"."TBL_DETUNCIA_X_PIN" MODIFY ("CODIGO_DENUNCIA " NOT NULL ENABLE);
  ALTER TABLE "DB_PINTEREST"."TBL_DETUNCIA_X_PIN" MODIFY ("CODIGO_PINES " NOT NULL ENABLE);
  ALTER TABLE "DB_PINTEREST"."TBL_DETUNCIA_X_PIN" MODIFY ("CODIGO_USUARIO" NOT NULL ENABLE);
--------------------------------------------------------
--  Constraints for Table TBL_DETUNCIA_X_TABLERO
--------------------------------------------------------

  ALTER TABLE "DB_PINTEREST"."TBL_DETUNCIA_X_TABLERO" ADD CONSTRAINT "TBL_DETUNCIA_X_PIN_PK" PRIMARY KEY ("CODIGO_DENUNCIA ", "CODIGO_TABLERO ", "CODIGO_USUARIO")
  USING INDEX PCTFREE 10 INITRANS 2 MAXTRANS 255 COMPUTE STATISTICS 
  STORAGE(INITIAL 65536 NEXT 1048576 MINEXTENTS 1 MAXEXTENTS 2147483645
  PCTINCREASE 0 FREELISTS 1 FREELIST GROUPS 1 BUFFER_POOL DEFAULT FLASH_CACHE DEFAULT CELL_FLASH_CACHE DEFAULT)
  TABLESPACE "USERS"  ENABLE;
  ALTER TABLE "DB_PINTEREST"."TBL_DETUNCIA_X_TABLERO" MODIFY ("CODIGO_DENUNCIA " NOT NULL ENABLE);
  ALTER TABLE "DB_PINTEREST"."TBL_DETUNCIA_X_TABLERO" MODIFY ("CODIGO_TABLERO " NOT NULL ENABLE);
  ALTER TABLE "DB_PINTEREST"."TBL_DETUNCIA_X_TABLERO" MODIFY ("CODIGO_USUARIO" NOT NULL ENABLE);
--------------------------------------------------------
--  Constraints for Table TBL_DETUNCIA_X_USUARIO
--------------------------------------------------------

  ALTER TABLE "DB_PINTEREST"."TBL_DETUNCIA_X_USUARIO" ADD CONSTRAINT "TBL_DETUNCIA_X_USUARIO_PK" PRIMARY KEY ("CODIGO_USUARIO", "CODIGO_USUARIO_DENUNCIADO", "CODIGO_DENUNCIA ")
  USING INDEX PCTFREE 10 INITRANS 2 MAXTRANS 255 COMPUTE STATISTICS 
  STORAGE(INITIAL 65536 NEXT 1048576 MINEXTENTS 1 MAXEXTENTS 2147483645
  PCTINCREASE 0 FREELISTS 1 FREELIST GROUPS 1 BUFFER_POOL DEFAULT FLASH_CACHE DEFAULT CELL_FLASH_CACHE DEFAULT)
  TABLESPACE "USERS"  ENABLE;
  ALTER TABLE "DB_PINTEREST"."TBL_DETUNCIA_X_USUARIO" MODIFY ("CODIGO_DENUNCIA " NOT NULL ENABLE);
  ALTER TABLE "DB_PINTEREST"."TBL_DETUNCIA_X_USUARIO" MODIFY ("CODIGO_USUARIO_DENUNCIADO" NOT NULL ENABLE);
  ALTER TABLE "DB_PINTEREST"."TBL_DETUNCIA_X_USUARIO" MODIFY ("CODIGO_USUARIO" NOT NULL ENABLE);
--------------------------------------------------------
--  Constraints for Table TBL_EMPRESA
--------------------------------------------------------

  ALTER TABLE "DB_PINTEREST"."TBL_EMPRESA" ADD CONSTRAINT "TBL_EMPRESA_PK" PRIMARY KEY ("CODIGO_EMPRESA")
  USING INDEX PCTFREE 10 INITRANS 2 MAXTRANS 255 COMPUTE STATISTICS 
  STORAGE(INITIAL 65536 NEXT 1048576 MINEXTENTS 1 MAXEXTENTS 2147483645
  PCTINCREASE 0 FREELISTS 1 FREELIST GROUPS 1 BUFFER_POOL DEFAULT FLASH_CACHE DEFAULT CELL_FLASH_CACHE DEFAULT)
  TABLESPACE "USERS"  ENABLE;
  ALTER TABLE "DB_PINTEREST"."TBL_EMPRESA" MODIFY ("CODIGO_TIPO_EMPRESA " NOT NULL ENABLE);
  ALTER TABLE "DB_PINTEREST"."TBL_EMPRESA" MODIFY ("CODIGO_EMPRESA" NOT NULL ENABLE);
--------------------------------------------------------
--  Constraints for Table TBL_FOTOS
--------------------------------------------------------

  ALTER TABLE "DB_PINTEREST"."TBL_FOTOS" ADD CONSTRAINT "TBL_FOTOS_PK" PRIMARY KEY ("CODIGO_FOTO")
  USING INDEX PCTFREE 10 INITRANS 2 MAXTRANS 255 COMPUTE STATISTICS 
  STORAGE(INITIAL 65536 NEXT 1048576 MINEXTENTS 1 MAXEXTENTS 2147483645
  PCTINCREASE 0 FREELISTS 1 FREELIST GROUPS 1 BUFFER_POOL DEFAULT FLASH_CACHE DEFAULT CELL_FLASH_CACHE DEFAULT)
  TABLESPACE "USERS"  ENABLE;
  ALTER TABLE "DB_PINTEREST"."TBL_FOTOS" MODIFY ("CODIGO_FOTO" NOT NULL ENABLE);
--------------------------------------------------------
--  Constraints for Table TBL_GENERO
--------------------------------------------------------

  ALTER TABLE "DB_PINTEREST"."TBL_GENERO" ADD CONSTRAINT "TBL_GENERO_PK" PRIMARY KEY ("CODIGO_GENERO ")
  USING INDEX PCTFREE 10 INITRANS 2 MAXTRANS 255 COMPUTE STATISTICS 
  STORAGE(INITIAL 65536 NEXT 1048576 MINEXTENTS 1 MAXEXTENTS 2147483645
  PCTINCREASE 0 FREELISTS 1 FREELIST GROUPS 1 BUFFER_POOL DEFAULT FLASH_CACHE DEFAULT CELL_FLASH_CACHE DEFAULT)
  TABLESPACE "USERS"  ENABLE;
  ALTER TABLE "DB_PINTEREST"."TBL_GENERO" MODIFY ("CODIGO_GENERO " NOT NULL ENABLE);
--------------------------------------------------------
--  Constraints for Table TBL_HISTORIAL
--------------------------------------------------------

  ALTER TABLE "DB_PINTEREST"."TBL_HISTORIAL" ADD CONSTRAINT "TBL_HISTORIAL_PK" PRIMARY KEY ("CODIGO_HISTORIAL")
  USING INDEX PCTFREE 10 INITRANS 2 MAXTRANS 255 COMPUTE STATISTICS 
  STORAGE(INITIAL 65536 NEXT 1048576 MINEXTENTS 1 MAXEXTENTS 2147483645
  PCTINCREASE 0 FREELISTS 1 FREELIST GROUPS 1 BUFFER_POOL DEFAULT FLASH_CACHE DEFAULT CELL_FLASH_CACHE DEFAULT)
  TABLESPACE "USERS"  ENABLE;
  ALTER TABLE "DB_PINTEREST"."TBL_HISTORIAL" MODIFY ("CODIGO_USUARIO" NOT NULL ENABLE);
  ALTER TABLE "DB_PINTEREST"."TBL_HISTORIAL" MODIFY ("CODIGO_HISTORIAL" NOT NULL ENABLE);
--------------------------------------------------------
--  Constraints for Table TBL_IDIOMA
--------------------------------------------------------

  ALTER TABLE "DB_PINTEREST"."TBL_IDIOMA" ADD CONSTRAINT "TBL_IDIOMA_PK" PRIMARY KEY ("CODIGO_IDIOMA")
  USING INDEX PCTFREE 10 INITRANS 2 MAXTRANS 255 COMPUTE STATISTICS 
  STORAGE(INITIAL 65536 NEXT 1048576 MINEXTENTS 1 MAXEXTENTS 2147483645
  PCTINCREASE 0 FREELISTS 1 FREELIST GROUPS 1 BUFFER_POOL DEFAULT FLASH_CACHE DEFAULT CELL_FLASH_CACHE DEFAULT)
  TABLESPACE "USERS"  ENABLE;
  ALTER TABLE "DB_PINTEREST"."TBL_IDIOMA" MODIFY ("CODIGO_IDIOMA" NOT NULL ENABLE);
--------------------------------------------------------
--  Constraints for Table TBL_LUGAR
--------------------------------------------------------

  ALTER TABLE "DB_PINTEREST"."TBL_LUGAR" ADD CONSTRAINT "TBL_LUGAR_PK" PRIMARY KEY ("CODIGO_LUGAR ")
  USING INDEX PCTFREE 10 INITRANS 2 MAXTRANS 255 COMPUTE STATISTICS 
  STORAGE(INITIAL 65536 NEXT 1048576 MINEXTENTS 1 MAXEXTENTS 2147483645
  PCTINCREASE 0 FREELISTS 1 FREELIST GROUPS 1 BUFFER_POOL DEFAULT FLASH_CACHE DEFAULT CELL_FLASH_CACHE DEFAULT)
  TABLESPACE "USERS"  ENABLE;
  ALTER TABLE "DB_PINTEREST"."TBL_LUGAR" MODIFY ("CODIGO_LUGAR " NOT NULL ENABLE);
--------------------------------------------------------
--  Constraints for Table TBL_MENSAJE
--------------------------------------------------------

  ALTER TABLE "DB_PINTEREST"."TBL_MENSAJE" ADD CONSTRAINT "TBL_CHAT_PK" PRIMARY KEY ("CODIGO_MENSAJE")
  USING INDEX PCTFREE 10 INITRANS 2 MAXTRANS 255 COMPUTE STATISTICS 
  STORAGE(INITIAL 65536 NEXT 1048576 MINEXTENTS 1 MAXEXTENTS 2147483645
  PCTINCREASE 0 FREELISTS 1 FREELIST GROUPS 1 BUFFER_POOL DEFAULT FLASH_CACHE DEFAULT CELL_FLASH_CACHE DEFAULT)
  TABLESPACE "USERS"  ENABLE;
  ALTER TABLE "DB_PINTEREST"."TBL_MENSAJE" MODIFY ("CODIGO_MENSAJE" NOT NULL ENABLE);
--------------------------------------------------------
--  Constraints for Table TBL_NOTIFICACION
--------------------------------------------------------

  ALTER TABLE "DB_PINTEREST"."TBL_NOTIFICACION" ADD CONSTRAINT "TBL_NOTIFICACION_PK" PRIMARY KEY ("CODIGO_NOTIFICACIONES ")
  USING INDEX PCTFREE 10 INITRANS 2 MAXTRANS 255 COMPUTE STATISTICS 
  STORAGE(INITIAL 65536 NEXT 1048576 MINEXTENTS 1 MAXEXTENTS 2147483645
  PCTINCREASE 0 FREELISTS 1 FREELIST GROUPS 1 BUFFER_POOL DEFAULT FLASH_CACHE DEFAULT CELL_FLASH_CACHE DEFAULT)
  TABLESPACE "USERS"  ENABLE;
  ALTER TABLE "DB_PINTEREST"."TBL_NOTIFICACION" MODIFY ("CODIGO_TIPO_NOTIFICACION " NOT NULL ENABLE);
  ALTER TABLE "DB_PINTEREST"."TBL_NOTIFICACION" MODIFY ("CODIGO_USUARIO" NOT NULL ENABLE);
  ALTER TABLE "DB_PINTEREST"."TBL_NOTIFICACION" MODIFY ("CODIGO_NOTIFICACIONES " NOT NULL ENABLE);
--------------------------------------------------------
--  Constraints for Table TBL_NOTIFICACIONES_X_PINES
--------------------------------------------------------

  ALTER TABLE "DB_PINTEREST"."TBL_NOTIFICACIONES_X_PINES" MODIFY ("CODIGO_PINES " NOT NULL ENABLE);
  ALTER TABLE "DB_PINTEREST"."TBL_NOTIFICACIONES_X_PINES" MODIFY ("CODIGO_NOTIFICACIONES " NOT NULL ENABLE);
--------------------------------------------------------
--  Constraints for Table TBL_NOTIFICACIONES_X_TABLERO
--------------------------------------------------------

  ALTER TABLE "DB_PINTEREST"."TBL_NOTIFICACIONES_X_TABLERO" MODIFY ("CODIGO_TABLERO " NOT NULL ENABLE);
  ALTER TABLE "DB_PINTEREST"."TBL_NOTIFICACIONES_X_TABLERO" MODIFY ("CODIGO_NOTIFICACIONES " NOT NULL ENABLE);
--------------------------------------------------------
--  Constraints for Table TBL_NOTIFI_X_COMENTARIO
--------------------------------------------------------

  ALTER TABLE "DB_PINTEREST"."TBL_NOTIFI_X_COMENTARIO" MODIFY ("CODIGO_COMENTARIO " NOT NULL ENABLE);
  ALTER TABLE "DB_PINTEREST"."TBL_NOTIFI_X_COMENTARIO" MODIFY ("CODIGO_NOTIFICACIONES " NOT NULL ENABLE);
--------------------------------------------------------
--  Constraints for Table TBL_PERSONA
--------------------------------------------------------

  ALTER TABLE "DB_PINTEREST"."TBL_PERSONA" ADD CONSTRAINT "TBL_PERSONA_PK" PRIMARY KEY ("CODIGO_PERSONA")
  USING INDEX PCTFREE 10 INITRANS 2 MAXTRANS 255 COMPUTE STATISTICS 
  STORAGE(INITIAL 65536 NEXT 1048576 MINEXTENTS 1 MAXEXTENTS 2147483645
  PCTINCREASE 0 FREELISTS 1 FREELIST GROUPS 1 BUFFER_POOL DEFAULT FLASH_CACHE DEFAULT CELL_FLASH_CACHE DEFAULT)
  TABLESPACE "USERS"  ENABLE;
  ALTER TABLE "DB_PINTEREST"."TBL_PERSONA" MODIFY ("CODIGO_PERSONA" NOT NULL ENABLE);
--------------------------------------------------------
--  Constraints for Table TBL_PINES
--------------------------------------------------------

  ALTER TABLE "DB_PINTEREST"."TBL_PINES" ADD CONSTRAINT "TBL_PINES_PK" PRIMARY KEY ("CODIGO_PINES ")
  USING INDEX PCTFREE 10 INITRANS 2 MAXTRANS 255 COMPUTE STATISTICS 
  STORAGE(INITIAL 65536 NEXT 1048576 MINEXTENTS 1 MAXEXTENTS 2147483645
  PCTINCREASE 0 FREELISTS 1 FREELIST GROUPS 1 BUFFER_POOL DEFAULT FLASH_CACHE DEFAULT CELL_FLASH_CACHE DEFAULT)
  TABLESPACE "USERS"  ENABLE;
  ALTER TABLE "DB_PINTEREST"."TBL_PINES" MODIFY ("CODIGO_FOTO" NOT NULL ENABLE);
  ALTER TABLE "DB_PINTEREST"."TBL_PINES" MODIFY ("CODIGO_TABLERO " NOT NULL ENABLE);
  ALTER TABLE "DB_PINTEREST"."TBL_PINES" MODIFY ("CODIGO_USUARIO" NOT NULL ENABLE);
  ALTER TABLE "DB_PINTEREST"."TBL_PINES" MODIFY ("CODIGO_PINES " NOT NULL ENABLE);
--------------------------------------------------------
--  Constraints for Table TBL_REDES_SOCIALES
--------------------------------------------------------

  ALTER TABLE "DB_PINTEREST"."TBL_REDES_SOCIALES" ADD CONSTRAINT "TBL_REDES_SOCIALES_PK" PRIMARY KEY ("CODIGO_RED_SOCIAL ")
  USING INDEX PCTFREE 10 INITRANS 2 MAXTRANS 255 COMPUTE STATISTICS 
  STORAGE(INITIAL 65536 NEXT 1048576 MINEXTENTS 1 MAXEXTENTS 2147483645
  PCTINCREASE 0 FREELISTS 1 FREELIST GROUPS 1 BUFFER_POOL DEFAULT FLASH_CACHE DEFAULT CELL_FLASH_CACHE DEFAULT)
  TABLESPACE "USERS"  ENABLE;
  ALTER TABLE "DB_PINTEREST"."TBL_REDES_SOCIALES" MODIFY ("CODIGO_RED_SOCIAL " NOT NULL ENABLE);
--------------------------------------------------------
--  Constraints for Table TBL_REDES_X_USUARIO
--------------------------------------------------------

  ALTER TABLE "DB_PINTEREST"."TBL_REDES_X_USUARIO" MODIFY ("CODIGO_RED_SOCIAL " NOT NULL ENABLE);
  ALTER TABLE "DB_PINTEREST"."TBL_REDES_X_USUARIO" MODIFY ("CODIGO_PERSONA" NOT NULL ENABLE);
--------------------------------------------------------
--  Constraints for Table TBL_SEGUIDORES_X_CATEGORIA
--------------------------------------------------------

  ALTER TABLE "DB_PINTEREST"."TBL_SEGUIDORES_X_CATEGORIA" MODIFY ("CODIGO_USUARIO" NOT NULL ENABLE);
  ALTER TABLE "DB_PINTEREST"."TBL_SEGUIDORES_X_CATEGORIA" MODIFY ("CODIGO_CATEGORIA " NOT NULL ENABLE);
--------------------------------------------------------
--  Constraints for Table TBL_SEGUIDORES_X_TABLEERO
--------------------------------------------------------

  ALTER TABLE "DB_PINTEREST"."TBL_SEGUIDORES_X_TABLEERO" ADD CONSTRAINT "TBL_SEGUIDORES_X_TABLEERO_PK" PRIMARY KEY ("CODIGO_USUARIO", "CODIGO_TABLERO ")
  USING INDEX PCTFREE 10 INITRANS 2 MAXTRANS 255 COMPUTE STATISTICS 
  STORAGE(INITIAL 65536 NEXT 1048576 MINEXTENTS 1 MAXEXTENTS 2147483645
  PCTINCREASE 0 FREELISTS 1 FREELIST GROUPS 1 BUFFER_POOL DEFAULT FLASH_CACHE DEFAULT CELL_FLASH_CACHE DEFAULT)
  TABLESPACE "USERS"  ENABLE;
  ALTER TABLE "DB_PINTEREST"."TBL_SEGUIDORES_X_TABLEERO" MODIFY ("CODIGO_TABLERO " NOT NULL ENABLE);
  ALTER TABLE "DB_PINTEREST"."TBL_SEGUIDORES_X_TABLEERO" MODIFY ("CODIGO_USUARIO" NOT NULL ENABLE);
--------------------------------------------------------
--  Constraints for Table TBL_SEGUIDORES_X_USUARIO
--------------------------------------------------------

  ALTER TABLE "DB_PINTEREST"."TBL_SEGUIDORES_X_USUARIO" MODIFY ("CODIGO_SEGUIDOR" NOT NULL ENABLE);
  ALTER TABLE "DB_PINTEREST"."TBL_SEGUIDORES_X_USUARIO" MODIFY ("CODIGO_USUARIO" NOT NULL ENABLE);
--------------------------------------------------------
--  Constraints for Table TBL_TABLERO
--------------------------------------------------------

  ALTER TABLE "DB_PINTEREST"."TBL_TABLERO" ADD CONSTRAINT "TBL_TABLERO_PK" PRIMARY KEY ("CODIGO_TABLERO ")
  USING INDEX PCTFREE 10 INITRANS 2 MAXTRANS 255 COMPUTE STATISTICS 
  STORAGE(INITIAL 65536 NEXT 1048576 MINEXTENTS 1 MAXEXTENTS 2147483645
  PCTINCREASE 0 FREELISTS 1 FREELIST GROUPS 1 BUFFER_POOL DEFAULT FLASH_CACHE DEFAULT CELL_FLASH_CACHE DEFAULT)
  TABLESPACE "USERS"  ENABLE;
  ALTER TABLE "DB_PINTEREST"."TBL_TABLERO" MODIFY ("CODIGO_TIPO_TABLERO " NOT NULL ENABLE);
  ALTER TABLE "DB_PINTEREST"."TBL_TABLERO" MODIFY ("CODIGO_USUARIO" NOT NULL ENABLE);
  ALTER TABLE "DB_PINTEREST"."TBL_TABLERO" MODIFY ("CODIGO_TABLERO " NOT NULL ENABLE);
--------------------------------------------------------
--  Constraints for Table TBL_TABLERO_X_CATEGORIA
--------------------------------------------------------

  ALTER TABLE "DB_PINTEREST"."TBL_TABLERO_X_CATEGORIA" MODIFY ("CODIGO_TABLERO " NOT NULL ENABLE);
  ALTER TABLE "DB_PINTEREST"."TBL_TABLERO_X_CATEGORIA" MODIFY ("CODIGO_CATEGORIA " NOT NULL ENABLE);
--------------------------------------------------------
--  Constraints for Table TBL_TABLERO_X_USUARIO
--------------------------------------------------------

  ALTER TABLE "DB_PINTEREST"."TBL_TABLERO_X_USUARIO" ADD CONSTRAINT "TBL_TABLERO_X_USUARIO_PK" PRIMARY KEY ("CODIGO_USUARIO", "CODIGO_TABLERO ")
  USING INDEX PCTFREE 10 INITRANS 2 MAXTRANS 255 COMPUTE STATISTICS 
  STORAGE(INITIAL 65536 NEXT 1048576 MINEXTENTS 1 MAXEXTENTS 2147483645
  PCTINCREASE 0 FREELISTS 1 FREELIST GROUPS 1 BUFFER_POOL DEFAULT FLASH_CACHE DEFAULT CELL_FLASH_CACHE DEFAULT)
  TABLESPACE "USERS"  ENABLE;
  ALTER TABLE "DB_PINTEREST"."TBL_TABLERO_X_USUARIO" MODIFY ("CODIGO_TABLERO " NOT NULL ENABLE);
  ALTER TABLE "DB_PINTEREST"."TBL_TABLERO_X_USUARIO" MODIFY ("CODIGO_USUARIO" NOT NULL ENABLE);
--------------------------------------------------------
--  Constraints for Table TBL_TIPO_DENUNCIA
--------------------------------------------------------

  ALTER TABLE "DB_PINTEREST"."TBL_TIPO_DENUNCIA" ADD CONSTRAINT "TBL_TIPO_DENUNCIA_PK" PRIMARY KEY ("CODIGO_DENUNCIA ")
  USING INDEX PCTFREE 10 INITRANS 2 MAXTRANS 255 COMPUTE STATISTICS 
  STORAGE(INITIAL 65536 NEXT 1048576 MINEXTENTS 1 MAXEXTENTS 2147483645
  PCTINCREASE 0 FREELISTS 1 FREELIST GROUPS 1 BUFFER_POOL DEFAULT FLASH_CACHE DEFAULT CELL_FLASH_CACHE DEFAULT)
  TABLESPACE "USERS"  ENABLE;
  ALTER TABLE "DB_PINTEREST"."TBL_TIPO_DENUNCIA" MODIFY ("CODIGO_DENUNCIA " NOT NULL ENABLE);
--------------------------------------------------------
--  Constraints for Table TBL_TIPO_EMPRESA
--------------------------------------------------------

  ALTER TABLE "DB_PINTEREST"."TBL_TIPO_EMPRESA" ADD CONSTRAINT "TBL_TIPO_EMPRESA_PK" PRIMARY KEY ("CODIGO_TIPO_EMPRESA ")
  USING INDEX PCTFREE 10 INITRANS 2 MAXTRANS 255 COMPUTE STATISTICS 
  STORAGE(INITIAL 65536 NEXT 1048576 MINEXTENTS 1 MAXEXTENTS 2147483645
  PCTINCREASE 0 FREELISTS 1 FREELIST GROUPS 1 BUFFER_POOL DEFAULT FLASH_CACHE DEFAULT CELL_FLASH_CACHE DEFAULT)
  TABLESPACE "USERS"  ENABLE;
  ALTER TABLE "DB_PINTEREST"."TBL_TIPO_EMPRESA" MODIFY ("CODIGO_TIPO_EMPRESA " NOT NULL ENABLE);
--------------------------------------------------------
--  Constraints for Table TBL_TIPO_NOTIFICACION
--------------------------------------------------------

  ALTER TABLE "DB_PINTEREST"."TBL_TIPO_NOTIFICACION" ADD CONSTRAINT "TBL_TIPO_NOTIFICACION_PK" PRIMARY KEY ("CODIGO_TIPO_NOTIFICACION ")
  USING INDEX PCTFREE 10 INITRANS 2 MAXTRANS 255 COMPUTE STATISTICS 
  STORAGE(INITIAL 65536 NEXT 1048576 MINEXTENTS 1 MAXEXTENTS 2147483645
  PCTINCREASE 0 FREELISTS 1 FREELIST GROUPS 1 BUFFER_POOL DEFAULT FLASH_CACHE DEFAULT CELL_FLASH_CACHE DEFAULT)
  TABLESPACE "USERS"  ENABLE;
  ALTER TABLE "DB_PINTEREST"."TBL_TIPO_NOTIFICACION" MODIFY ("CODIGO_TIPO_NOTIFICACION " NOT NULL ENABLE);
--------------------------------------------------------
--  Constraints for Table TBL_TIPO_TABLERO
--------------------------------------------------------

  ALTER TABLE "DB_PINTEREST"."TBL_TIPO_TABLERO" ADD CONSTRAINT "TBL_TIPO_TABLERO_PK" PRIMARY KEY ("CODIGO_TIPO_TABLERO ")
  USING INDEX PCTFREE 10 INITRANS 2 MAXTRANS 255 COMPUTE STATISTICS 
  STORAGE(INITIAL 65536 NEXT 1048576 MINEXTENTS 1 MAXEXTENTS 2147483645
  PCTINCREASE 0 FREELISTS 1 FREELIST GROUPS 1 BUFFER_POOL DEFAULT FLASH_CACHE DEFAULT CELL_FLASH_CACHE DEFAULT)
  TABLESPACE "USERS"  ENABLE;
  ALTER TABLE "DB_PINTEREST"."TBL_TIPO_TABLERO" MODIFY ("CODIGO_TIPO_TABLERO " NOT NULL ENABLE);
--------------------------------------------------------
--  Constraints for Table TBL_TIPO_USUARIO
--------------------------------------------------------

  ALTER TABLE "DB_PINTEREST"."TBL_TIPO_USUARIO" ADD CONSTRAINT "TBL_TIPO_USUARIO_PK" PRIMARY KEY ("CODIGO_TIPO_USUARIO ")
  USING INDEX PCTFREE 10 INITRANS 2 MAXTRANS 255 COMPUTE STATISTICS 
  STORAGE(INITIAL 65536 NEXT 1048576 MINEXTENTS 1 MAXEXTENTS 2147483645
  PCTINCREASE 0 FREELISTS 1 FREELIST GROUPS 1 BUFFER_POOL DEFAULT FLASH_CACHE DEFAULT CELL_FLASH_CACHE DEFAULT)
  TABLESPACE "USERS"  ENABLE;
  ALTER TABLE "DB_PINTEREST"."TBL_TIPO_USUARIO" MODIFY ("CODIGO_TIPO_USUARIO " NOT NULL ENABLE);
--------------------------------------------------------
--  Constraints for Table TBL_USUARIO
--------------------------------------------------------

  ALTER TABLE "DB_PINTEREST"."TBL_USUARIO" ADD CONSTRAINT "TBL_USUARIO_PK" PRIMARY KEY ("CODIGO_USUARIO")
  USING INDEX PCTFREE 10 INITRANS 2 MAXTRANS 255 COMPUTE STATISTICS 
  STORAGE(INITIAL 65536 NEXT 1048576 MINEXTENTS 1 MAXEXTENTS 2147483645
  PCTINCREASE 0 FREELISTS 1 FREELIST GROUPS 1 BUFFER_POOL DEFAULT FLASH_CACHE DEFAULT CELL_FLASH_CACHE DEFAULT)
  TABLESPACE "USERS"  ENABLE;
  ALTER TABLE "DB_PINTEREST"."TBL_USUARIO" MODIFY ("CODIGO_IDIOMA" NOT NULL ENABLE);
  ALTER TABLE "DB_PINTEREST"."TBL_USUARIO" MODIFY ("CODIGO_FOTO" NOT NULL ENABLE);
  ALTER TABLE "DB_PINTEREST"."TBL_USUARIO" MODIFY ("CODIGO_GENERO " NOT NULL ENABLE);
  ALTER TABLE "DB_PINTEREST"."TBL_USUARIO" MODIFY ("CODIGO_TIPO_USUARIO " NOT NULL ENABLE);
  ALTER TABLE "DB_PINTEREST"."TBL_USUARIO" MODIFY ("CODIGO_LUGAR " NOT NULL ENABLE);
  ALTER TABLE "DB_PINTEREST"."TBL_USUARIO" MODIFY ("CODIGO_USUARIO" NOT NULL ENABLE);
--------------------------------------------------------
--  Ref Constraints for Table TBL_BLOG
--------------------------------------------------------

  ALTER TABLE "DB_PINTEREST"."TBL_BLOG" ADD CONSTRAINT "TBL_BLO_TBL_USU_FK" FOREIGN KEY ("CODIGO_USUARIO")
	  REFERENCES "DB_PINTEREST"."TBL_USUARIO" ("CODIGO_USUARIO") ENABLE;
--------------------------------------------------------
--  Ref Constraints for Table TBL_CATEGORIAS
--------------------------------------------------------

  ALTER TABLE "DB_PINTEREST"."TBL_CATEGORIAS" ADD CONSTRAINT " TBL_CAT_FK" FOREIGN KEY ("CODIGO_CATEGORIA_PADRE")
	  REFERENCES "DB_PINTEREST"."TBL_CATEGORIAS" ("CODIGO_CATEGORIA ") ENABLE;
  ALTER TABLE "DB_PINTEREST"."TBL_CATEGORIAS" ADD CONSTRAINT "TBL_CAT _TBL_USU_FK" FOREIGN KEY ("CODIGO_USUARIO")
	  REFERENCES "DB_PINTEREST"."TBL_USUARIO" ("CODIGO_USUARIO") ENABLE;
--------------------------------------------------------
--  Ref Constraints for Table TBL_CHAT_X_USUARIO
--------------------------------------------------------

  ALTER TABLE "DB_PINTEREST"."TBL_CHAT_X_USUARIO" ADD CONSTRAINT "TBL_CHA_X_USU _TBL_CHA" FOREIGN KEY ("CODIGO_MENSAJE")
	  REFERENCES "DB_PINTEREST"."TBL_MENSAJE" ("CODIGO_MENSAJE") ENABLE;
  ALTER TABLE "DB_PINTEREST"."TBL_CHAT_X_USUARIO" ADD CONSTRAINT "TBL_CHA_X_USU_TBL_USU" FOREIGN KEY ("CODIGO_USUARIO_DESTINO")
	  REFERENCES "DB_PINTEREST"."TBL_USUARIO" ("CODIGO_USUARIO") ENABLE;
  ALTER TABLE "DB_PINTEREST"."TBL_CHAT_X_USUARIO" ADD CONSTRAINT "TBL_CHA_X_USU_TBL_USUV2" FOREIGN KEY ("CODIGO_USUARIO")
	  REFERENCES "DB_PINTEREST"."TBL_USUARIO" ("CODIGO_USUARIO") ENABLE;
--------------------------------------------------------
--  Ref Constraints for Table TBL_COMENTARIO
--------------------------------------------------------

  ALTER TABLE "DB_PINTEREST"."TBL_COMENTARIO" ADD CONSTRAINT "TBL_COM _TBL_PIN _FK" FOREIGN KEY ("CODIGO_PINES ")
	  REFERENCES "DB_PINTEREST"."TBL_PINES" ("CODIGO_PINES ") ENABLE;
  ALTER TABLE "DB_PINTEREST"."TBL_COMENTARIO" ADD CONSTRAINT "TBL_COM _TBL_USU_FK" FOREIGN KEY ("CODIGO_USUARIO")
	  REFERENCES "DB_PINTEREST"."TBL_USUARIO" ("CODIGO_USUARIO") ENABLE;
--------------------------------------------------------
--  Ref Constraints for Table TBL_CORREO_X_USUARIO
--------------------------------------------------------

  ALTER TABLE "DB_PINTEREST"."TBL_CORREO_X_USUARIO" ADD CONSTRAINT "TBL_COR_X_USU_TBL_COR" FOREIGN KEY ("CODIGO_CORREO")
	  REFERENCES "DB_PINTEREST"."TBL_CORREO" ("CODIGO_CORREO") ENABLE;
  ALTER TABLE "DB_PINTEREST"."TBL_CORREO_X_USUARIO" ADD CONSTRAINT "TBL_COR_X_USU_TBL_USU" FOREIGN KEY ("CODIGO_USUARIO")
	  REFERENCES "DB_PINTEREST"."TBL_USUARIO" ("CODIGO_USUARIO") ENABLE;
  ALTER TABLE "DB_PINTEREST"."TBL_CORREO_X_USUARIO" ADD CONSTRAINT "TBL_COR_X_USU_USU" FOREIGN KEY ("CODIGO_USUARIO_DESTINO")
	  REFERENCES "DB_PINTEREST"."TBL_USUARIO" ("CODIGO_USUARIO") ENABLE;
--------------------------------------------------------
--  Ref Constraints for Table TBL_DETUNCIA_X_COMENTARIO
--------------------------------------------------------

  ALTER TABLE "DB_PINTEREST"."TBL_DETUNCIA_X_COMENTARIO" ADD CONSTRAINT "TBL_DEN_X_COM_TBL_USU" FOREIGN KEY ("CODIGO_USUARIO")
	  REFERENCES "DB_PINTEREST"."TBL_USUARIO" ("CODIGO_USUARIO") ENABLE;
  ALTER TABLE "DB_PINTEREST"."TBL_DETUNCIA_X_COMENTARIO" ADD CONSTRAINT "TBL_DEN_X_COM_TIP_DEN" FOREIGN KEY ("CODIGO_DENUNCIA ")
	  REFERENCES "DB_PINTEREST"."TBL_TIPO_DENUNCIA" ("CODIGO_DENUNCIA ") ENABLE;
  ALTER TABLE "DB_PINTEREST"."TBL_DETUNCIA_X_COMENTARIO" ADD CONSTRAINT "TBL_DET_X_COM_TBL_COM" FOREIGN KEY ("CODIGO_COMENTARIO ")
	  REFERENCES "DB_PINTEREST"."TBL_COMENTARIO" ("CODIGO_COMENTARIO ") ENABLE;
--------------------------------------------------------
--  Ref Constraints for Table TBL_DETUNCIA_X_PIN
--------------------------------------------------------

  ALTER TABLE "DB_PINTEREST"."TBL_DETUNCIA_X_PIN" ADD CONSTRAINT "TBL_DEN_X_TAB_PIN" FOREIGN KEY ("CODIGO_PINES ")
	  REFERENCES "DB_PINTEREST"."TBL_PINES" ("CODIGO_PINES ") ENABLE;
  ALTER TABLE "DB_PINTEREST"."TBL_DETUNCIA_X_PIN" ADD CONSTRAINT "TBL_DEN_X_TAB_TIP_DEN" FOREIGN KEY ("CODIGO_DENUNCIA ")
	  REFERENCES "DB_PINTEREST"."TBL_TIPO_DENUNCIA" ("CODIGO_DENUNCIA ") ENABLE;
  ALTER TABLE "DB_PINTEREST"."TBL_DETUNCIA_X_PIN" ADD CONSTRAINT "TBL_DEN_X_USU" FOREIGN KEY ("CODIGO_USUARIO")
	  REFERENCES "DB_PINTEREST"."TBL_USUARIO" ("CODIGO_USUARIO") ENABLE;
--------------------------------------------------------
--  Ref Constraints for Table TBL_DETUNCIA_X_TABLERO
--------------------------------------------------------

  ALTER TABLE "DB_PINTEREST"."TBL_DETUNCIA_X_TABLERO" ADD CONSTRAINT "TBL_DEN_X_PIN_TIP_DEN" FOREIGN KEY ("CODIGO_DENUNCIA ")
	  REFERENCES "DB_PINTEREST"."TBL_TIPO_DENUNCIA" ("CODIGO_DENUNCIA ") ENABLE;
  ALTER TABLE "DB_PINTEREST"."TBL_DETUNCIA_X_TABLERO" ADD CONSTRAINT "TBL_DEN_X_PIN_USU" FOREIGN KEY ("CODIGO_USUARIO")
	  REFERENCES "DB_PINTEREST"."TBL_USUARIO" ("CODIGO_USUARIO") ENABLE;
  ALTER TABLE "DB_PINTEREST"."TBL_DETUNCIA_X_TABLERO" ADD CONSTRAINT "TBL_DE_X_PIN_TBL_TAB _FK" FOREIGN KEY ("CODIGO_TABLERO ")
	  REFERENCES "DB_PINTEREST"."TBL_TABLERO" ("CODIGO_TABLERO ") ENABLE;
--------------------------------------------------------
--  Ref Constraints for Table TBL_DETUNCIA_X_USUARIO
--------------------------------------------------------

  ALTER TABLE "DB_PINTEREST"."TBL_DETUNCIA_X_USUARIO" ADD CONSTRAINT "TBL_DEN_X_USU_TBL_USU" FOREIGN KEY ("CODIGO_USUARIO_DENUNCIADO")
	  REFERENCES "DB_PINTEREST"."TBL_USUARIO" ("CODIGO_USUARIO") ENABLE;
  ALTER TABLE "DB_PINTEREST"."TBL_DETUNCIA_X_USUARIO" ADD CONSTRAINT "TBL_DEN_X_USU_TIP_DEN" FOREIGN KEY ("CODIGO_DENUNCIA ")
	  REFERENCES "DB_PINTEREST"."TBL_TIPO_DENUNCIA" ("CODIGO_DENUNCIA ") ENABLE;
  ALTER TABLE "DB_PINTEREST"."TBL_DETUNCIA_X_USUARIO" ADD CONSTRAINT "TBL_DEN_X_USU_USU_FK" FOREIGN KEY ("CODIGO_USUARIO")
	  REFERENCES "DB_PINTEREST"."TBL_USUARIO" ("CODIGO_USUARIO") ENABLE;
--------------------------------------------------------
--  Ref Constraints for Table TBL_EMPRESA
--------------------------------------------------------

  ALTER TABLE "DB_PINTEREST"."TBL_EMPRESA" ADD CONSTRAINT "TBL_EMP_TBL_TIP_EMP" FOREIGN KEY ("CODIGO_TIPO_EMPRESA ")
	  REFERENCES "DB_PINTEREST"."TBL_TIPO_EMPRESA" ("CODIGO_TIPO_EMPRESA ") ENABLE;
  ALTER TABLE "DB_PINTEREST"."TBL_EMPRESA" ADD CONSTRAINT "TBL_EMP_TBL_USU" FOREIGN KEY ("CODIGO_EMPRESA")
	  REFERENCES "DB_PINTEREST"."TBL_USUARIO" ("CODIGO_USUARIO") ENABLE;
--------------------------------------------------------
--  Ref Constraints for Table TBL_HISTORIAL
--------------------------------------------------------

  ALTER TABLE "DB_PINTEREST"."TBL_HISTORIAL" ADD CONSTRAINT "TBL_HIS_TBL_USU" FOREIGN KEY ("CODIGO_USUARIO")
	  REFERENCES "DB_PINTEREST"."TBL_USUARIO" ("CODIGO_USUARIO") ENABLE;
--------------------------------------------------------
--  Ref Constraints for Table TBL_LUGAR
--------------------------------------------------------

  ALTER TABLE "DB_PINTEREST"."TBL_LUGAR" ADD CONSTRAINT "TBL_LUG_LUG" FOREIGN KEY ("CODIGO_LUGAR_PADRE")
	  REFERENCES "DB_PINTEREST"."TBL_LUGAR" ("CODIGO_LUGAR ") ENABLE;
--------------------------------------------------------
--  Ref Constraints for Table TBL_NOTIFICACION
--------------------------------------------------------

  ALTER TABLE "DB_PINTEREST"."TBL_NOTIFICACION" ADD CONSTRAINT "TBL_NOT_TBL_USU_FK" FOREIGN KEY ("CODIGO_USUARIO")
	  REFERENCES "DB_PINTEREST"."TBL_USUARIO" ("CODIGO_USUARIO") ENABLE;
  ALTER TABLE "DB_PINTEREST"."TBL_NOTIFICACION" ADD CONSTRAINT "TBL_NOT_TIP_NOT" FOREIGN KEY ("CODIGO_TIPO_NOTIFICACION ")
	  REFERENCES "DB_PINTEREST"."TBL_TIPO_NOTIFICACION" ("CODIGO_TIPO_NOTIFICACION ") ENABLE;
--------------------------------------------------------
--  Ref Constraints for Table TBL_NOTIFICACIONES_X_PINES
--------------------------------------------------------

  ALTER TABLE "DB_PINTEREST"."TBL_NOTIFICACIONES_X_PINES" ADD CONSTRAINT "TBL_NOT_PIN _FK" FOREIGN KEY ("CODIGO_PINES ")
	  REFERENCES "DB_PINTEREST"."TBL_PINES" ("CODIGO_PINES ") ENABLE;
  ALTER TABLE "DB_PINTEREST"."TBL_NOTIFICACIONES_X_PINES" ADD CONSTRAINT "TBL_NOT_PIN_TBL_NOT_FK" FOREIGN KEY ("CODIGO_NOTIFICACIONES ")
	  REFERENCES "DB_PINTEREST"."TBL_NOTIFICACION" ("CODIGO_NOTIFICACIONES ") ENABLE;
--------------------------------------------------------
--  Ref Constraints for Table TBL_NOTIFICACIONES_X_TABLERO
--------------------------------------------------------

  ALTER TABLE "DB_PINTEREST"."TBL_NOTIFICACIONES_X_TABLERO" ADD CONSTRAINT "TBL_NOTL_TAB _FK" FOREIGN KEY ("CODIGO_TABLERO ")
	  REFERENCES "DB_PINTEREST"."TBL_TABLERO" ("CODIGO_TABLERO ") ENABLE;
  ALTER TABLE "DB_PINTEREST"."TBL_NOTIFICACIONES_X_TABLERO" ADD CONSTRAINT "TBL_NOT_X_TAB_NOT_FK" FOREIGN KEY ("CODIGO_NOTIFICACIONES ")
	  REFERENCES "DB_PINTEREST"."TBL_NOTIFICACION" ("CODIGO_NOTIFICACIONES ") ENABLE;
--------------------------------------------------------
--  Ref Constraints for Table TBL_NOTIFI_X_COMENTARIO
--------------------------------------------------------

  ALTER TABLE "DB_PINTEREST"."TBL_NOTIFI_X_COMENTARIO" ADD CONSTRAINT "TBL_NOT_COM_TBL_COM" FOREIGN KEY ("CODIGO_COMENTARIO ")
	  REFERENCES "DB_PINTEREST"."TBL_COMENTARIO" ("CODIGO_COMENTARIO ") ENABLE;
  ALTER TABLE "DB_PINTEREST"."TBL_NOTIFI_X_COMENTARIO" ADD CONSTRAINT "TBL_NOT_X_COM_NOT_FK" FOREIGN KEY ("CODIGO_NOTIFICACIONES ")
	  REFERENCES "DB_PINTEREST"."TBL_NOTIFICACION" ("CODIGO_NOTIFICACIONES ") ENABLE;
--------------------------------------------------------
--  Ref Constraints for Table TBL_PERSONA
--------------------------------------------------------

  ALTER TABLE "DB_PINTEREST"."TBL_PERSONA" ADD CONSTRAINT "TBL_PER _TBL_USU" FOREIGN KEY ("CODIGO_PERSONA")
	  REFERENCES "DB_PINTEREST"."TBL_USUARIO" ("CODIGO_USUARIO") ENABLE;
--------------------------------------------------------
--  Ref Constraints for Table TBL_PINES
--------------------------------------------------------

  ALTER TABLE "DB_PINTEREST"."TBL_PINES" ADD CONSTRAINT "TBL_PIN _TBL_FOT_FK" FOREIGN KEY ("CODIGO_FOTO")
	  REFERENCES "DB_PINTEREST"."TBL_FOTOS" ("CODIGO_FOTO") ENABLE;
  ALTER TABLE "DB_PINTEREST"."TBL_PINES" ADD CONSTRAINT "TBL_PIN _TBL_TAB _FK" FOREIGN KEY ("CODIGO_TABLERO ")
	  REFERENCES "DB_PINTEREST"."TBL_TABLERO" ("CODIGO_TABLERO ") ENABLE;
  ALTER TABLE "DB_PINTEREST"."TBL_PINES" ADD CONSTRAINT "TBL_PIN _TBL_USU_FK" FOREIGN KEY ("CODIGO_USUARIO")
	  REFERENCES "DB_PINTEREST"."TBL_USUARIO" ("CODIGO_USUARIO") ENABLE;
--------------------------------------------------------
--  Ref Constraints for Table TBL_REDES_X_USUARIO
--------------------------------------------------------

  ALTER TABLE "DB_PINTEREST"."TBL_REDES_X_USUARIO" ADD CONSTRAINT "TBL_RED_X_USU_PER_FK" FOREIGN KEY ("CODIGO_PERSONA")
	  REFERENCES "DB_PINTEREST"."TBL_PERSONA" ("CODIGO_PERSONA") ENABLE;
  ALTER TABLE "DB_PINTEREST"."TBL_REDES_X_USUARIO" ADD CONSTRAINT "TBL_RED_X_USU_SOC" FOREIGN KEY ("CODIGO_RED_SOCIAL ")
	  REFERENCES "DB_PINTEREST"."TBL_REDES_SOCIALES" ("CODIGO_RED_SOCIAL ") ENABLE;
--------------------------------------------------------
--  Ref Constraints for Table TBL_SEGUIDORES_X_CATEGORIA
--------------------------------------------------------

  ALTER TABLE "DB_PINTEREST"."TBL_SEGUIDORES_X_CATEGORIA" ADD CONSTRAINT "TBL_SEG_CAT_TBL_USU" FOREIGN KEY ("CODIGO_USUARIO")
	  REFERENCES "DB_PINTEREST"."TBL_USUARIO" ("CODIGO_USUARIO") ENABLE;
  ALTER TABLE "DB_PINTEREST"."TBL_SEGUIDORES_X_CATEGORIA" ADD CONSTRAINT "TBL_SEG_X_CAT_CAT" FOREIGN KEY ("CODIGO_CATEGORIA ")
	  REFERENCES "DB_PINTEREST"."TBL_CATEGORIAS" ("CODIGO_CATEGORIA ") ENABLE;
--------------------------------------------------------
--  Ref Constraints for Table TBL_SEGUIDORES_X_TABLEERO
--------------------------------------------------------

  ALTER TABLE "DB_PINTEREST"."TBL_SEGUIDORES_X_TABLEERO" ADD CONSTRAINT "TBL_SEG_TAB _FK" FOREIGN KEY ("CODIGO_TABLERO ")
	  REFERENCES "DB_PINTEREST"."TBL_TABLERO" ("CODIGO_TABLERO ") ENABLE;
  ALTER TABLE "DB_PINTEREST"."TBL_SEGUIDORES_X_TABLEERO" ADD CONSTRAINT "TBL_SEG_X_TAB_USU_FK" FOREIGN KEY ("CODIGO_USUARIO")
	  REFERENCES "DB_PINTEREST"."TBL_USUARIO" ("CODIGO_USUARIO") ENABLE;
--------------------------------------------------------
--  Ref Constraints for Table TBL_SEGUIDORES_X_USUARIO
--------------------------------------------------------

  ALTER TABLE "DB_PINTEREST"."TBL_SEGUIDORES_X_USUARIO" ADD CONSTRAINT "TBL_SEG_USU_TBL_USU" FOREIGN KEY ("CODIGO_USUARIO")
	  REFERENCES "DB_PINTEREST"."TBL_USUARIO" ("CODIGO_USUARIO") ENABLE;
  ALTER TABLE "DB_PINTEREST"."TBL_SEGUIDORES_X_USUARIO" ADD CONSTRAINT "TBL_SEG_X_USU_USU" FOREIGN KEY ("CODIGO_SEGUIDOR")
	  REFERENCES "DB_PINTEREST"."TBL_USUARIO" ("CODIGO_USUARIO") ENABLE;
--------------------------------------------------------
--  Ref Constraints for Table TBL_TABLERO
--------------------------------------------------------

  ALTER TABLE "DB_PINTEREST"."TBL_TABLERO" ADD CONSTRAINT "TBL_TAB_TIP_TAB _FK" FOREIGN KEY ("CODIGO_TIPO_TABLERO ")
	  REFERENCES "DB_PINTEREST"."TBL_TIPO_TABLERO" ("CODIGO_TIPO_TABLERO ") ENABLE;
  ALTER TABLE "DB_PINTEREST"."TBL_TABLERO" ADD CONSTRAINT "TBL_TAB_USU_FK" FOREIGN KEY ("CODIGO_USUARIO")
	  REFERENCES "DB_PINTEREST"."TBL_USUARIO" ("CODIGO_USUARIO") ENABLE;
--------------------------------------------------------
--  Ref Constraints for Table TBL_TABLERO_X_CATEGORIA
--------------------------------------------------------

  ALTER TABLE "DB_PINTEREST"."TBL_TABLERO_X_CATEGORIA" ADD CONSTRAINT "TBL_TAB_X_CAT" FOREIGN KEY ("CODIGO_CATEGORIA ")
	  REFERENCES "DB_PINTEREST"."TBL_CATEGORIAS" ("CODIGO_CATEGORIA ") ENABLE;
  ALTER TABLE "DB_PINTEREST"."TBL_TABLERO_X_CATEGORIA" ADD CONSTRAINT "TBL_TAB_X_CAT_TAB _FK" FOREIGN KEY ("CODIGO_TABLERO ")
	  REFERENCES "DB_PINTEREST"."TBL_TABLERO" ("CODIGO_TABLERO ") ENABLE;
--------------------------------------------------------
--  Ref Constraints for Table TBL_TABLERO_X_USUARIO
--------------------------------------------------------

  ALTER TABLE "DB_PINTEREST"."TBL_TABLERO_X_USUARIO" ADD CONSTRAINT "TBL_TAB_X_USU_USU_FK" FOREIGN KEY ("CODIGO_USUARIO")
	  REFERENCES "DB_PINTEREST"."TBL_USUARIO" ("CODIGO_USUARIO") ENABLE;
  ALTER TABLE "DB_PINTEREST"."TBL_TABLERO_X_USUARIO" ADD CONSTRAINT "TBL_USU_TAB _FK" FOREIGN KEY ("CODIGO_TABLERO ")
	  REFERENCES "DB_PINTEREST"."TBL_TABLERO" ("CODIGO_TABLERO ") ENABLE;
--------------------------------------------------------
--  Ref Constraints for Table TBL_USUARIO
--------------------------------------------------------

  ALTER TABLE "DB_PINTEREST"."TBL_USUARIO" ADD CONSTRAINT "TBL_USU_FOT_FK" FOREIGN KEY ("CODIGO_FOTO")
	  REFERENCES "DB_PINTEREST"."TBL_FOTOS" ("CODIGO_FOTO") ENABLE;
  ALTER TABLE "DB_PINTEREST"."TBL_USUARIO" ADD CONSTRAINT "TBL_USU_GEN _FK" FOREIGN KEY ("CODIGO_GENERO ")
	  REFERENCES "DB_PINTEREST"."TBL_GENERO" ("CODIGO_GENERO ") ENABLE;
  ALTER TABLE "DB_PINTEREST"."TBL_USUARIO" ADD CONSTRAINT "TBL_USU_IDI_FK" FOREIGN KEY ("CODIGO_IDIOMA")
	  REFERENCES "DB_PINTEREST"."TBL_IDIOMA" ("CODIGO_IDIOMA") ENABLE;
  ALTER TABLE "DB_PINTEREST"."TBL_USUARIO" ADD CONSTRAINT "TBL_USU_LUG_FK" FOREIGN KEY ("CODIGO_LUGAR ")
	  REFERENCES "DB_PINTEREST"."TBL_LUGAR" ("CODIGO_LUGAR ") ENABLE;
  ALTER TABLE "DB_PINTEREST"."TBL_USUARIO" ADD CONSTRAINT "TBL_USU_TIP_USU _FK" FOREIGN KEY ("CODIGO_TIPO_USUARIO ")
	  REFERENCES "DB_PINTEREST"."TBL_TIPO_USUARIO" ("CODIGO_TIPO_USUARIO ") ENABLE;
